Tags,Checked,Name,Formula,Annot. Source: Predicted Compositions,Annot. Source: Metabolika Search,Annot. Source: MassList Search,Annot. DeltaMass [ppm],Calc. MW,m/z,RT [min],Area (Max.),# Usable QC,RSD QC Areas [%],RSD Corr. QC Areas [%],Mass List Match: ASET Metabolomics ESI(+) IROA,Mass List Match: ASET Metabolomics ESI(-) IROA,MS2,Reference Ion,"Group Area: CCG, Sample","Group Area: CCL, Sample","Group Area: CEG, Sample","Group Area: CEL, Sample","Group Area: CSG, Sample","Group Area: CSL, Sample","Replicate Grouped Area: CCG, Sample,001","Replicate Grouped Area: CCG, Sample,002","Replicate Grouped Area: CCG, Sample,003","Replicate Grouped Area: CCG, Sample,004","Replicate Grouped Area: CCG, Sample,005","Replicate Grouped Area: CCG, Sample,006","Replicate Grouped Area: CCL, Sample,001","Replicate Grouped Area: CCL, Sample,002","Replicate Grouped Area: CCL, Sample,003","Replicate Grouped Area: CCL, Sample,004","Replicate Grouped Area: CCL, Sample,005","Replicate Grouped Area: CCL, Sample,006","Replicate Grouped Area: CEG, Sample,001","Replicate Grouped Area: CEG, Sample,002","Replicate Grouped Area: CEG, Sample,003","Replicate Grouped Area: CEG, Sample,004","Replicate Grouped Area: CEG, Sample,005","Replicate Grouped Area: CEG, Sample,006","Replicate Grouped Area: CEL, Sample,001","Replicate Grouped Area: CEL, Sample,002","Replicate Grouped Area: CEL, Sample,003","Replicate Grouped Area: CEL, Sample,004","Replicate Grouped Area: CEL, Sample,005","Replicate Grouped Area: CEL, Sample,006","Replicate Grouped Area: CSG, Sample,001","Replicate Grouped Area: CSG, Sample,002","Replicate Grouped Area: CSG, Sample,003","Replicate Grouped Area: CSG, Sample,004","Replicate Grouped Area: CSG, Sample,005","Replicate Grouped Area: CSG, Sample,006","Replicate Grouped Area: CSL, Sample,001","Replicate Grouped Area: CSL, Sample,002","Replicate Grouped Area: CSL, Sample,003","Replicate Grouped Area: CSL, Sample,004","Replicate Grouped Area: CSL, Sample,005","Replicate Grouped Area: CSL, Sample,006","Group CV [%]: CCG, Sample","Group CV [%]: CCL, Sample","Group CV [%]: CEG, Sample","Group CV [%]: CEL, Sample","Group CV [%]: CSG, Sample","Group CV [%]: CSL, Sample",Peak Rating (Max.),Peak Rating QC (Max.),Peak Rating: 20250421_Coho6ppdq2024_Reextract_pos_Blank_001.raw (F1),Peak Rating: 20250421_Coho6ppdq2024_Reextract_pos_Blank_002.raw (F2),Peak Rating: 20250421_Coho6ppdq2024_Reextract_pos_Blank_003.raw (F3),Peak Rating: 20250421_Coho6ppdq2024_Reextract_pos_Blank_004.raw (F4),Peak Rating: 20250421_Coho6ppdq2024_Reextract_pos_Blank_005.raw (F5),Peak Rating: 20250421_Coho6ppdq2024_Reextract_pos_Blank_006.raw (F6),Peak Rating: 20250421_Coho6ppdq2024_Reextract_pos_Blank_007.raw (F7),Peak Rating: 20250421_Coho6ppdq2024_Reextract_pos_Blank_008.raw (F8),Peak Rating: 20250421_Coho6ppdq2024_Reextract_pos_Blank_009.raw (F9),Peak Rating: 20250421_Coho6ppdq2024_Reextract_pos_Blank_010.raw (F10),Peak Rating: 20250421_Coho6ppdq2024_Reextract_pos_CCG_001.raw (F11),Peak Rating: 20250421_Coho6ppdq2024_Reextract_pos_CCG_002.raw (F12),Peak Rating: 20250421_Coho6ppdq2024_Reextract_pos_CCG_003.raw (F13),Peak Rating: 20250421_Coho6ppdq2024_Reextract_pos_CCG_004.raw (F14),Peak Rating: 20250421_Coho6ppdq2024_Reextract_pos_CCG_005.raw (F15),Peak Rating: 20250421_Coho6ppdq2024_Reextract_pos_CCG_006.raw (F16),Peak Rating: 20250421_Coho6ppdq2024_Reextract_pos_CCL_001.raw (F17),Peak Rating: 20250421_Coho6ppdq2024_Reextract_pos_CCL_002.raw (F18),Peak Rating: 20250421_Coho6ppdq2024_Reextract_pos_CCL_003.raw (F19),Peak Rating: 20250421_Coho6ppdq2024_Reextract_pos_CCL_004.raw (F20),Peak Rating: 20250421_Coho6ppdq2024_Reextract_pos_CCL_005.raw (F21),Peak Rating: 20250421_Coho6ppdq2024_Reextract_pos_CCL_006.raw (F22),Peak Rating: 20250421_Coho6ppdq2024_Reextract_pos_CEG_001.raw (F23),Peak Rating: 20250421_Coho6ppdq2024_Reextract_pos_CEG_002.raw (F24),Peak Rating: 20250421_Coho6ppdq2024_Reextract_pos_CEG_003.raw (F25),Peak Rating: 20250421_Coho6ppdq2024_Reextract_pos_CEG_004.raw (F26),Peak Rating: 20250421_Coho6ppdq2024_Reextract_pos_CEG_005.raw (F27),Peak Rating: 20250421_Coho6ppdq2024_Reextract_pos_CEG_006.raw (F28),Peak Rating: 20250421_Coho6ppdq2024_Reextract_pos_CEL_001.raw (F29),Peak Rating: 20250421_Coho6ppdq2024_Reextract_pos_CEL_002.raw (F30),Peak Rating: 20250421_Coho6ppdq2024_Reextract_pos_CEL_003.raw (F31),Peak Rating: 20250421_Coho6ppdq2024_Reextract_pos_CEL_004.raw (F32),Peak Rating: 20250421_Coho6ppdq2024_Reextract_pos_CEL_005.raw (F33),Peak Rating: 20250421_Coho6ppdq2024_Reextract_pos_CEL_006.raw (F34),Peak Rating: 20250421_Coho6ppdq2024_Reextract_pos_CSG_001.raw (F35),Peak Rating: 20250421_Coho6ppdq2024_Reextract_pos_CSG_002.raw (F36),Peak Rating: 20250421_Coho6ppdq2024_Reextract_pos_CSG_003.raw (F37),Peak Rating: 20250421_Coho6ppdq2024_Reextract_pos_CSG_004.raw (F38),Peak Rating: 20250421_Coho6ppdq2024_Reextract_pos_CSG_005.raw (F39),Peak Rating: 20250421_Coho6ppdq2024_Reextract_pos_CSG_006.raw (F40),Peak Rating: 20250421_Coho6ppdq2024_Reextract_pos_CSL_001.raw (F41),Peak Rating: 20250421_Coho6ppdq2024_Reextract_pos_CSL_002.raw (F42),Peak Rating: 20250421_Coho6ppdq2024_Reextract_pos_CSL_003.raw (F43),Peak Rating: 20250421_Coho6ppdq2024_Reextract_pos_CSL_004.raw (F44),Peak Rating: 20250421_Coho6ppdq2024_Reextract_pos_CSL_005.raw (F45),Peak Rating: 20250421_Coho6ppdq2024_Reextract_pos_CSL_006.raw (F46),Peak Rating: 20250421_Coho6ppdq2024_Reextract_pos_QC_001_20250421161905.raw (F48),Peak Rating: 20250421_Coho6ppdq2024_Reextract_pos_QC_002_20250421163638.raw (F49),Peak Rating: 20250421_Coho6ppdq2024_Reextract_pos_QC_003.raw (F50),Peak Rating: 20250421_Coho6ppdq2024_Reextract_pos_QC_004.raw (F51),Peak Rating: 20250421_Coho6ppdq2024_Reextract_pos_QC_005.raw (F52),Peak Rating: 20250421_Coho6ppdq2024_Reextract_pos_QC_006.raw (F53),Peak Rating: 20250421_Coho6ppdq2024_Reextract_pos_QC_007.raw (F54),Peak Rating: 20250421_Coho6ppdq2024_Reextract_pos_QC_008.raw (F55),Peak Rating: 20250421_Coho6ppdq2024_Reextract_pos_QC_009.raw (F56),Peak Rating: 20250421_Coho6ppdq2024_Reextract_pos_QC_010.raw (F57),Peak Rating: 20250421_Coho6ppdq2024_Reextract_pos_QC_011.raw (F58),Peak Rating: 20250421_Coho6ppdq2024_Reextract_pos_QC_012.raw (F59)
A,FALSE,1-AMINOCYCLOPROPANECARBOXYLATE,C4 H7 N O2,Full match,Partial match,Full match,-0.29,101.04765,84.04438,1.101,377185766.1,12,2,2,Single match found,Single match found,DDA for preferred ion,[M+H-H2O]+1,122787257.1,317806022.6,137519591,283792021.9,136946687.2,304672751.8,127979737,121593153.5,114370616.3,5936268.94,123981360.8,146355190.2,317641932.4,317970112.8,348858189.3,291183214.9,205311537.1,325746380.8,136192936.3,138846245.6,147074603.2,124108011.5,141365869,116052319.9,318441322.9,317762013.8,221009618.9,249822030,204405887.1,351330817.9,128043781.1,130557103.6,146170868.6,134551352.3,148083136.4,139342022.1,331804640.2,248471675.8,243233024.1,375598076.4,322489762.7,286855740.9,47.34024173,16.75043405,8.664747374,21.67906478,5.952696124,17.09265254,10,10,,,,,,,,,,,7,7,6.6,4.8,7,7,8.5,7.7,8.5,8.5,8.5,8.5,9.5,9.5,9.1,9.5,9.5,9.1,8,7.6,7.6,8,8,8,9.1,9.5,9.1,9.5,9.5,9.5,8.1,8.5,8.1,8.5,8.1,8.5,9.6,10,9.6,10,10,10,9.6,9.6,9.2,10,10,10
A,FALSE,3-DEHYDROSHIKIMATE,C7 H8 O5,Full match,Partial match,Full match,-0.19,172.03714,205.07063,1.526,36226507.78,12,4,2,Single match found,Single match found,DDA for other ion,[M+H+MeOH]+1,77596.4798,20662084.74,357027.1915,25669312,11362044.43,26397893.76,41799.14228,110339.8711,44853.08849,26190.28455,10623105.35,24472016.62,10312484.88,28990424.71,27991324.26,20296075.45,21028094.02,17868434.88,43926.06929,34014855.53,664598.7725,5591690.173,44867.76598,49455.61063,35057341.13,25986694.74,21819449.99,26076370.96,18926317.17,25351929.26,46786.00618,10092684.12,35605268.37,18964425.81,160693.8928,12631404.74,31314695.98,32096255.06,15306700.82,31767087.5,21481091.54,15147518.71,170.5362901,32.67301557,201.0329627,21.3545594,103.1581471,33.53554068,10,10,,,,,,,,,,,,,,,6.6,5.8,7.1,7.5,7.1,7.1,7.5,7.1,,6.6,4.8,6.4,,,7.6,7.6,7.6,8,7.6,7.6,,6.6,6.6,6.6,0,6.6,7.5,7.5,6.7,7.1,7.5,6.7,9.6,10,9.2,9.6,9.6,9.6,9.6,9.6,9.2,9.6,9.6,9.2
A,FALSE,4-GUANIDINOBUTANOATE,C5 H11 N3 O2,Full match,No results,Full match,0.24,145.08516,146.09244,1.62,3687364.019,12,7,6,Single match found,Single match found,DDA for preferred ion,[M+H]+1,1387097.067,2204193.71,1464090.958,2024515.505,1509919.292,2416635.272,802888.6964,1862175.784,2913436.632,33711.21744,912018.3492,2077464.558,2097025.749,2424660.983,2016694.779,2311361.671,2034955.045,2640781.813,2233406.768,1642283.925,1171888.675,2141770.556,1218761.572,1285897.991,1730461.236,2386047.211,1878286.984,2170744.025,2724909.888,1609754.844,1155840.405,1126816.162,1863998.178,2768733.421,3716273.737,1100720.73,2054265.731,1672861.433,2984322.639,2349175.451,2484095.092,2857977.843,72.6087888,11.06265425,29.32381643,20.38397456,55.20742828,20.48576961,7.8,7.8,,,,,,,,,,,3.5,3.9,5.6,,4.2,5,6.3,6.9,5.9,6.6,6.6,6.9,5.3,5.6,5.6,5.6,5.6,4.9,4.9,5.9,5.3,5.6,5.9,5.3,4.2,4.6,4.6,5.2,6.4,3.9,5.3,4.9,6.2,6.2,5.9,5.9,6.8,7.1,7,7.1,7.5,7.8,7.1,7.1,7.1,6.8,7.1,6.8
A,FALSE,5-METHYLCYTIDINE,C10 H15 N3 O5,Full match,No results,Full match,0.37,257.10126,258.10854,2.518,1106829.891,12,9,7,Single match found,Single match found,No MS2,[M+H]+1,728153.4916,450333.5231,829046.2773,562513.4913,843440.2253,446969.4164,839524.9481,632286.659,627009.1778,44107.49772,824020.3242,955774.7383,819816.0009,397350.8822,311749.5335,530760.6091,468796.869,431870.1772,588887.6809,817446.4481,840646.1066,880569.8623,812117.81,1108345.661,249671.3575,605365.5807,629853.5595,519661.4019,712636.2167,439872.3627,785132.495,814813.779,620831.2808,872066.6716,988866.3664,932733.2033,561631.3447,82901.91075,750387.5625,441492.4399,404226.4772,452446.3928,49.68390502,35.63428801,19.74545649,31.31310197,15.44976049,48.7728709,5.8,5.8,,,,,,,,,,,2.7,2.5,2.9,,2.7,4.2,3.6,2.2,0.7,1.9,0.7,1.9,4,5,5,5,5,5.8,,1.5,2.2,4.1,1.9,1.5,4,4.2,4,5,4.6,4.2,1.4,,0.6,0.2,1.4,0.2,3.5,4.6,4.3,4.3,5,5.8,4.3,5.4,3.9,4.3,4.6,5
A,FALSE,ADENINE,C5 H5 N5,Full match,Partial match,Full match,0.06,135.0545,136.06178,1.761,191936125.4,12,10,3,Single match found,Single match found,DDA for preferred ion,[M+H]+1,4956056.06,74498055.17,4364438.274,83734564.76,5296457.725,96465452.5,2808235.716,4590778.675,5647385.169,685928.4653,5321333.446,7145670.666,79567684.22,60886581.3,189965754,91972546.67,49191496.08,69428426.12,3398742.429,5473459.453,4512736.256,3679591.706,4216140.291,5223905.042,131466876.4,94869336.99,52600268.74,72599792.52,64370886.43,112436554.8,5354651.27,5790833.238,5238264.18,5784758.847,5203341.717,5085479.357,71568663.76,174894373.9,57780609.63,121362241.2,60071672.81,179987748.8,52.52478622,56.64062802,18.66011496,34.37895308,5.64380536,50.87659321,10,10,1.2,0.2,,0.5,0.8,2.8,2.8,,1.1,1.2,4.5,5.2,5.2,1.4,4.1,5.8,6.2,6.6,6.6,6.6,6.6,6.6,6.4,6.7,6,6,6,6.4,7.1,6.7,7.1,6.7,7.1,7.1,7.8,6.6,7.8,7.4,7.4,6.6,6.2,6.6,6.6,6.6,6.6,6.6,9.6,9.6,10,9.6,10,9.6,9.6,9.6,9.6,9.6,10,9.6
A,FALSE,ADENOSINE DIPHOSPHATE RIBOSE,C15 H23 N5 O14 P2,Full match,Partial match,Full match,0.64,559.07203,560.0793,1.416,93896558.91,12,4,2,Single match found,Single match found,DDA for preferred ion,[M+H]+1,1523474.567,64196303.51,4000231.565,44723236.88,5541707.767,58598709.5,615317.7165,1370973.629,4253593.887,56229.68508,9524641.809,1675975.504,58848862.32,71491651.62,91452236.32,34589077.87,69543744.7,58134976.91,984736.9541,3840332.985,5539425.931,4160130.145,1563116.95,4660773.018,46863332,40643049.16,42583141.76,51015589.09,50390913.25,40932586.43,3653120.395,7775665.107,2525194.352,7310397.315,5559603.303,5523812.23,41256603.34,92962468.43,51334968.06,30149116.02,68668980.4,65862450.93,121.5891301,29.36386708,51.93253134,10.28817816,37.694676,38.28870303,10,10,,,,,,,,,,,0.6,2.3,4.8,,5.8,3.1,7.6,7.6,7.6,8,7.2,7.6,2.7,4.1,4.8,4.5,2.7,4.5,7.9,8.6,9,8.6,8.6,8.6,5.4,6,4.2,6.3,5.7,5,7.1,7.1,7.1,6.7,7.1,7.1,9.6,9.6,10,9.6,9.2,9.6,9.6,10,9.2,8.9,9.6,9.6
A,FALSE,ANSERINE,C10 H16 N4 O3,Full match,No results,Full match,-0.04,240.12223,241.12951,1.048,206545572.4,12,2,1,Single match found,Single match found,DDA for preferred ion,[M+H]+1,91584508.7,3526449.08,123219629.9,4455264.317,133849079.8,6550496.643,79404909.84,116465577.7,103764107.6,335672.6423,72500167.23,145565038.8,2677407.656,4725557.085,2529851.499,2052289.159,5652176.622,4375490.505,58021817.66,154144040.8,159407985,93883563.48,69900375.56,152555696.4,6114663.262,5493975.11,3416553.525,5812254.363,3354815.591,2815280.018,104412330.9,136165906.8,131532252.9,205107219.2,99718896.03,175004650.5,3641240.215,6132605.225,8950756.914,2874227.558,7919454.003,6968388.062,57.5745447,39.39183504,40.23572928,32.40906594,28.89405491,39.35761579,10,10,,,,,,,,,,,6.6,6.6,6.6,3.6,7,6.6,2.3,2.7,2.3,2.5,3.8,2.3,6.6,7,6.6,6.6,6.6,6.2,3.1,3.5,1.9,3.5,2.7,2.7,7.2,7.2,7.6,7.6,7.2,7.6,3.5,4.6,4.4,2.3,4.1,4.4,10,9.2,9.2,9.6,9.2,9.2,9.6,10,9.6,9.6,9.2,9.2
A,FALSE,ARGININE,C6 H14 N4 O2,Full match,Partial match,Full match,0.09,174.11169,175.11897,1.019,41266040.99,12,1,1,Single match found,Single match found,DDA for preferred ion,[M+H]+1,25943455.92,22280420.48,21541335.15,29873305.64,20435245.04,26159285.5,23681859.1,28205052.75,28456302.62,636101.3891,19941576.01,29996254.48,20609592.56,20523113.93,35932888.68,37676088.72,21791581.96,22769258.99,28306436.22,20918255.48,19041500.91,21700505.84,29669642.12,21382164.47,23452481.11,32593125.64,27153485.63,38207793.36,20269647.92,38873887.76,26966257.69,16250332.89,20447028.74,20209015.47,20423461.35,20912835.96,24149462.37,32775693.7,27347047.88,41239436.19,24971523.12,20583346.74,50.51400422,30.14908332,18.58831701,25.67415919,16.50598271,26.0567149,10,10,0,0,,,,,,,,,7,7,7,4.8,7,7,7.5,7.5,7.5,7.5,7.5,7.5,8.5,8.5,8.5,8.5,8.5,8.5,8,8,8,8,8,8,8.5,8.5,8.5,8.5,8.5,8.5,8,8,8,8,8,8,10,10,10,10,10,10,10,10,10,10,10,10
A,FALSE,ASPARAGINE,C4 H8 N2 O3,Full match,Partial match,Full match,-0.12,132.05348,133.06075,1.029,56840089.64,12,2,2,Single match found,Single match found,DDA for preferred ion,[M+H]+1,18598504.98,26994878.76,22122081.52,14962232.72,24250205.98,24681701.38,21494784.84,17840903.18,33030540.94,437818.6573,19356106.77,15118839.67,17779819.54,33332634.22,20657123.31,56918818.36,8021203.077,35059080.91,18681551.76,25562611.28,32013290.05,13655154.92,36316122.96,17962271.28,15246219.41,27758187.93,13836935.47,14678246.04,24768777.48,11421972.18,33827347.98,21958242.32,22978413.73,25521998.23,29959554,22360309.16,28865115.04,46499253.28,10967902.29,33002220.28,15413757.48,20498287.73,59.01176918,59.88798295,36.75455722,36.97093353,18.4400055,50.26246486,10,10,,,,,,,,,,,7,6.6,7,3.6,7,7,7,7,6.6,7,6.6,7,7.5,7.5,7.5,7.5,7.5,7.5,7.1,7.5,7.5,7.1,7.5,6.7,8.5,8.5,8.1,8.5,8.5,8.5,7,7,6.6,7,6.6,7,9.6,9.6,10,10,10,9.2,9.2,10,9.6,9.6,9.6,9.6
A,FALSE,ASPARTATE,C4 H7 N O4,Full match,Partial match,Full match,-0.2,133.03748,134.04476,1.044,72701727.33,12,2,1,Single match found,Single match found,DDA for preferred ion,[M+H]+1,25908602.69,42464142.93,31744890.46,31568305.11,26831640.13,34110036.38,34847724.05,22906112.7,26929650.2,661204.5237,32930932.85,24887555.18,28536333.94,42993215.33,72868924.79,56512412.8,29948342.46,41935070.53,31362324.23,30967422.5,42164901.98,32127456.69,25625721.91,32792747.35,24079723.01,46600543.49,35390423.66,37942374.36,27746186.56,25772250.47,31429909.01,25371390.84,24994908.51,28291889.41,35766280.39,24452251.94,39550781.58,25665982.11,33708380.01,35996051.76,34511692.75,23658930.57,51.41768959,37.0520724,16.5396116,26.28767114,15.74018268,19.24059327,10,10,,,,,0,1,,,,,7,6.2,6.6,4.4,6.6,6.6,7.1,7.1,7.1,7.1,6.7,6.7,8.1,8.5,8.5,8.1,8.1,7.7,6.8,7.6,7.6,8,7.6,7.6,7.7,8.1,8.5,7.7,8.1,8.1,8.1,7.7,8.1,8.1,8.5,8.1,9.6,9.2,10,9.6,9.6,10,9.2,9.6,9.2,9.6,10,9.2
A,FALSE,BETA-NICOTINAMIDE ADENINE DINUCLEOTIDE,C21 H27 N7 O14 P2,Full match,No results,Full match,0.92,663.10973,664.11701,2.485,19280135.64,11,7,4,Single match found,No matches found,DDA for preferred ion,[M+H]+1,529645.986,4645407.04,1060868.326,3935465.521,1012065.583,3993937.371,255546.2211,435156.5021,1092972.215,49236.17423,624135.4699,1001944.208,5766944.716,5041824.841,5090045.367,3044975.083,4248989.239,1467328.86,365155.3776,1342599.748,1379712.621,779136.9053,421643.7181,2288880.026,1985710.066,3473287.8,8272282.301,4397643.243,3368698.293,4803832.783,715181.1921,1508309.262,979390.868,1628300.207,920725.7299,1044740.298,3502012.564,3636506.912,19433190.2,3298778.821,7691065.132,4351367.83,71.56236143,38.79454675,66.45755013,48.82841274,31.51436264,90.38532286,6.6,6.2,,,,,,,,,,,0.6,0.6,3.1,,2.9,2.7,6.5,5.4,5.4,5.4,6.1,3.6,1,3.1,3.1,2.5,2.5,3.9,3.9,5.2,6.6,5.6,4.5,4.8,1.9,4.4,3.2,4.4,2.9,3.2,5.2,5.2,6.6,4.8,6.2,5.2,,5.9,5.9,5.5,5.9,6.2,5.9,5.9,5.9,5.5,5.9,5.5
A,FALSE,CARNOSINE,C9 H14 N4 O3,Full match,No results,Full match,-0.1,226.10657,227.11384,1.024,66931020.53,12,2,2,Single match found,Single match found,DDA for preferred ion,[M+H]+1,38181085.25,2416759.015,44737357.89,3711684.35,48323518.34,2417503.626,37331809.93,39030360.57,33109154.24,15878.88395,47045995.66,66516070.21,2936083.954,1755774.395,3477503.859,1897434.075,4327060.619,1485376.537,34171496.51,45893091.78,41236779.47,49077131.49,43581624.01,46517931.77,3263076.068,2397807.759,4974073.215,4160292.633,4451309.729,1988752.694,49065784.9,41927200.12,51822362.37,47581251.78,41950884.95,49339349.12,2335549.362,2913943.656,2499457.89,2138171.943,4504033.375,1894981.92,58.43077986,42.41852645,12.10328456,33.57326775,8.758706872,34.70044076,10,10,,,,,,,,,,,7,7,7,3,7,7,5.2,5.8,5.6,5,6.7,4.2,9,9,9,9,9,9,7.2,6.1,7.2,6.1,6.5,5.1,9.5,9.5,9.5,9.5,9.5,9.5,6.9,7.2,6.5,6.6,6.9,5.9,10,10,10,10,10,10,10,10,9.6,10,10,10
A,FALSE,CDP-ETHANOLAMINE,C11 H20 N4 O11 P2,Full match,Partial match,Full match,0.4,446.06056,447.06783,1.182,6734067.282,12,8,4,Single match found,Single match found,DDA for preferred ion,[M+H]+1,1522926.126,5033065.644,1827605.955,3895307.547,1876922.363,4971487.896,1242772.27,1954198.44,1424022.008,31494.38018,1621830.245,2886195.209,6743623.504,5939067.468,6319062.119,3313261.528,3657050.684,4127063.821,1698491.263,1704284.076,1611379.898,1950927.833,2025553.451,2092149.086,3849924.715,4952277.145,3584050.927,3703795.13,4826016.788,3940690.379,1793960.017,1738651.449,2307465.589,1966937.941,1959884.709,1762614.498,4929619.303,5810778.761,4117811.726,4382927.199,5013356.488,5474511.573,61.21101623,29.66232919,10.8470699,14.2950492,11.09941642,12.87387959,7.9,7.9,,,,,,,,,,,2.3,3.5,2.3,,3.9,4.1,5.5,5.5,5.9,4,4.3,5.5,5.1,5.5,4.4,4.7,5.1,5.1,6.1,6.9,5.4,4.6,6.9,6.5,4.4,4.7,5.1,4.7,4.4,5.1,6.5,5.7,5.4,6.1,6.1,6.1,7.5,7.9,6.4,7.9,6.7,6,6.7,7.5,6.4,7.1,6.7,6
A,FALSE,CORTISOL,C21 H30 O5,Full match,Partial match,Full match,0.2,362.2094,363.21666,8.911,2988611.457,12,16,16,Single match found,Single match found,No MS2,[M+H]+1,376072.8295,978759.2437,832516.4751,2186435.6,520216.7282,1771249.15,549767.6347,146496.8167,650352.2364,65098.14593,467360.4911,284785.1679,80613.67717,1470289.251,733660.9598,1223857.528,1771601.272,161928.1844,862407.792,802625.1582,116178.6232,416968.5257,953622.9095,1024456.472,2769574.41,1590918.272,1867627.744,1487717.488,3125878.183,2505243.456,556664.3623,527567.2346,427909.2083,512866.2217,427511.2264,585633.1975,1828243.181,1761861.21,1780637.091,1790547.492,922703.8853,1205985.775,64.44028224,76.91506101,50.89076078,30.2232906,13.00383545,24.93361094,6.5,4.6,,,,,,,,,,,1.7,,1,,1.4,,1.5,5,4,3.9,4.6,0.8,1.6,2.3,,1.4,2.3,3.1,6.5,5.9,5.1,4.7,5.7,5.7,4.1,3.8,3.4,6.4,3,3.4,5.6,6,6,5.6,4.1,4.9,4.6,4.6,4.2,4.6,4.2,3.9,3.9,4.6,4.6,3.5,3.9,3.5
A,FALSE,CREATINE,C4 H9 N3 O2,Full match,No results,Full match,-0.56,131.0694,132.07668,1.24,1382695115,12,2,1,Single match found,Single match found,DDA for preferred ion,[M+H]+1,782309014.3,207899910.7,896538359.6,198492775.1,988037135.1,235530460.2,700284122,864333906.6,946547261.3,7568342.83,487503676.5,985514894.3,180411934.9,157269098.7,245394441.2,203731648.8,219952530.6,212068172.6,486582306.3,1099929368,1196177820,741276903.5,514793787.3,1051799816,250481531.2,197245711.7,199739838.5,241105473.8,192145318.5,187727261.5,825395677.4,1054492441,921581829.4,1389568890,769393539.8,1213580568,161075375.4,208727177.8,294314305.1,214137247.8,286323161.7,256923672.6,55.70391355,15.20307502,36.49136384,12.82787415,23.20660139,21.68833224,10,10,2.9,2.1,3.6,4,0.8,,2.7,0,1.5,,6.2,7,7,6.2,6.6,7,8.5,8.5,8.5,8.1,8.5,8.5,7.5,7.1,7.1,7.5,7.1,6.7,8.6,8.6,8.6,9,8.6,9,8,8,7.6,7.6,8,7.2,8,8,8,8,8,8,9.6,10,9.6,10,9.6,10,10,9.6,10,9.6,10,10
A,FALSE,CYSTATHIONINE,C7 H14 N2 O4 S,Full match,Partial match,Full match,-0.07,222.06741,223.07469,1.023,75609541.41,12,2,2,Single match found,Single match found,DDA for preferred ion,[M+H]+1,13469316.75,27790678.93,18171626.9,51961898.7,16093882.37,39730006.51,11920655.34,9073935.528,24215990.97,405952.9833,21390510.4,15017978.17,20280978.56,29438003.78,26143354.07,62908174.99,24880271.82,30838509.79,18515773.21,16970022.07,16528591.3,23746587.92,18641551.72,17827480.59,63606087.33,45334315.73,55671150.03,66112664.97,48252647.37,41825534.13,19515036.86,16463419.64,15724345.09,14109217.81,17253322.08,15338996.23,75919112.16,18207229.42,59467322.19,32657629.21,46802383.81,24380465.35,63.15891444,47.48342755,13.93583705,18.6361366,11.33032222,51.46114157,10,10,,,,,,,,,,,7,7,7,2.1,7,7,7,7,7,7,7,7,9,9,9,9,9,9,8.5,8.5,8.5,8.5,8.5,8.5,9,9,9,9,9,8.6,7,7,7,7,7,7,10,10,10,10,10,10,10,10,10,10,10,10
A,FALSE,CYTIDINE,C9 H13 N3 O5,Full match,Partial match,Full match,0.04,243.08553,244.09278,1.701,63435585.96,12,4,4,Single match found,Single match found,DDA for preferred ion,[M+H]+1,34313992.53,42771516.72,37674839.91,38799129.83,34931918.11,31065271.77,37857208.38,34433554.57,28747682.24,94783.34753,34194430.49,49719936.89,63446154.49,46443472.84,24916714.66,33305678.51,43505810.15,42037223.29,35689404.28,35575044.36,28832000.86,39660275.54,44406678.12,44036349.63,12947835.64,50072991.51,46465017.01,31133242.65,58367189.85,29849997.47,35404978.64,34040309.09,34883471.31,34330282.2,36153612.33,34980364.9,52051714.34,2597636.481,30537217.26,31593326.29,37987499.72,24470061.8,53.85728692,30.82174185,15.57740296,43.45351714,2.167232841,54.68405376,10,10,,,,,,,,,,,7,7,7,2.3,7,7,7.1,6.7,7.1,7.1,7.1,7.1,8.5,8.5,8.1,8.5,8.1,7.7,6.2,6.6,6.6,6.6,7,6.6,9.6,9.6,10,9.6,10,9.2,6.6,4.5,6.2,6.2,6.6,6.6,10,10,9.6,9.2,10,10,10,9.6,10,9.6,10,9.6
A,FALSE,CYTIDINE MONOPHOSPHATE,C9 H14 N3 O8 P,Full match,Partial match,Full match,0.43,323.05199,324.05927,1.345,50492820.4,12,8,8,Single match found,Single match found,DDA for preferred ion,[M+H]+1,14618319.42,32992250.69,14070543.21,33306241.83,15477644.57,32758388.01,11777950.22,16012981.84,15477966.94,48693.93799,13758671.89,18986020.74,43812114.52,30343990.35,35496606.74,30487894.64,25731315.07,36550385.28,13107388.3,14882366.91,12814365.98,13691456.52,14449629.9,17013869.24,26589446.1,35518340.76,36927592.33,33062667.33,33549816.33,20374103.46,12513970.67,15375209.17,17910352.08,15474074.46,17411989.31,15481214.68,29702126.62,50199967.23,32963020.05,25625137.2,32553755.97,33609042.09,52.35226348,18.68462485,10.68755656,20.33146654,12.14687358,24.67926348,9.1,9.1,,,,,,,,,,,5.5,5.8,6.2,,5.5,5.5,8.1,7.3,7.3,7.7,7.7,8.1,7.9,8.2,8.2,7.1,7.5,7.9,7.2,6.8,6.8,7.6,6.1,6.8,7.9,8.2,7.5,7.9,8.2,7.9,6.8,8,6.8,6.5,6.8,7.6,8,8.4,9.1,9.1,8.4,8.4,8.4,8.7,8,8,9.1,8.7
A,FALSE,DEOXYADENOSINE MONOPHOSPHATE,C10 H14 N5 O6 P,Not the top hit,No results,Full match,0.44,331.06831,332.07559,2.474,2955853.623,12,6,3,Single match found,Single match found,No MS2,[M+H]+1,611497.8544,1726779.995,604806.3669,2356571.186,661454.036,1578881.076,613101.6977,646059.1139,609894.0111,48138.66084,545337.3169,832646.4525,2089789.25,1523416.975,1613836.341,2042412.19,1779931.144,1673628.846,585677.535,535165.2487,623935.1987,638939.6715,851871.4743,557075.404,2362922.015,2860098.84,1573549.81,1802317.81,2350220.356,2592175.522,753832.8721,615251.2214,882792.6015,655945.8006,666962.2714,626492.1533,842022.0399,710211.4728,1535684.958,2141507.906,1622077.194,2061832.674,48.07633151,12.9853111,18.11968541,21.43216138,14.554234,40.37560635,6.6,6.5,,,,,,,,,,,2.1,1.7,2.5,,2.1,2,5.9,5.5,5.9,6.6,5.9,6.3,2.9,3.3,3.3,2.9,3.1,2.5,5.5,6.6,4.9,5.3,6.2,5.9,3.8,4.1,4.4,4.1,3,4.5,3.1,2.1,4.2,4.2,4.2,4.6,5.8,5.8,4.6,5.8,6.1,6.5,5.8,6.1,5.8,6.1,6.5,6.1
A,FALSE,DEOXYCARNITINE,C7 H15 N O2,Full match,No results,Full match,-0.2,145.11025,146.11753,1.45,604206033,12,3,2,Single match found,No matches found,DDA for preferred ion,[M+H]+1,482795482.8,92685635.97,435899014,122236297,478485559.5,125550370.9,434077905.8,516679987.7,564265428.2,1949241.621,448910977.9,594539157.2,69971349.51,67603893.44,140935272.4,121918830.3,90209872.07,95161399.88,380713237.3,414014063.6,455971869.4,415826158.6,481799198.6,588092289.4,133791512.1,117342423.3,141647849.9,127130170.7,116754699.1,76725640.84,492092030.2,464879088.9,321711545.7,603301905,460806863.3,607172591.6,53586954.15,124560176,150699013.9,137691126.2,126540565.8,110069499.9,50.92722522,29.66057635,16.1599219,19.15185395,21.59387932,29.01480016,10,10,,,,,,,,,,,6.6,7,7,5.8,7,7,8,8,8,8,7.6,8,8.5,8.5,8.5,8.5,8.5,8.5,8.5,8.5,8.5,8.5,8.5,8.5,8,8,7.6,8,7.6,8,8,8,8,8,8,8,10,9.6,10,9.6,10,10,9.6,10,10,9.6,9.6,10
A,FALSE,DEOXYCYTIDINE,C9 H13 N3 O4,Full match,Partial match,Full match,0.07,227.09062,228.09786,2.052,881217.7217,12,12,8,Single match found,Single match found,No MS2,[M+H]+1,525257.4535,148708.8727,642924.0187,155133.6824,551669.7742,88949.67618,476943.2933,570764.2134,504678.0931,34747.3082,545836.814,595767.5647,484518.412,170969.1531,40172.51647,103808.1883,142752.1978,154665.5476,518052.6991,645884.5491,639963.4883,484445.7348,786779.3211,879773.4748,40584.50208,230227.8333,192203.7835,42810.44088,265200.0827,118063.5813,565318.42,581577.4108,531656.939,662766.5814,538021.1284,513528.2888,106102.8014,40310.52237,130110.7639,77776.99103,100122.3613,40820.76699,46.2306296,84.79487672,23.10169692,64.69399843,9.464176723,44.2623513,6.2,5.4,,,,,,,,,,,2.5,2.5,2.5,,3.6,2.1,2.1,0.4,,0,,0.4,3.9,3.1,3.5,3.5,5,4.1,,1.7,0.2,,1,,4.6,5,4.6,6.2,5,5.4,0,,,,0.8,,3.5,3.9,4.6,3.9,4.3,5.4,3.9,4.6,3.9,5.4,3.5,3.9
A,FALSE,DEOXYGUANOSINE,C10 H13 N5 O4,Full match,Partial match,Full match,0.39,267.09686,268.10412,6.561,2983314.71,12,15,13,Single match found,Single match found,DDA for preferred ion,[M+H]+1,1374942.52,319083.6587,1633363.666,362156.813,1631337.117,412578.929,1396504.558,1793106.095,1166929.897,26472.23872,1353380.481,1597952.447,331690.0905,275056.4357,1202156.632,306477.2269,45523.22153,442214.0608,1351000.755,1683348.913,1619486.602,1647240.729,1875149.897,1489986.915,382624.982,1048886.482,341688.6441,53129.21541,94818.86571,385657.8182,1162058.936,949682.9606,1761164.75,1562317.782,1700356.452,1742966.586,46341.1694,450070.7608,447755.1458,353569.5312,377402.7123,1099898.736,51.05606512,91.79512326,11.05641776,92.83553835,23.13244068,74.83256585,8.2,7.2,,,,,,,,,0.4,,5,5.8,5.4,,5,5.4,,0.2,0.8,0.2,,,7.4,8.2,7.4,7.4,7.4,7.4,,1.2,0.2,,0,,5.6,5.6,6.8,6.4,6.4,6.4,,,,1.7,,0.5,6.5,6.6,6.3,6.6,6.9,6.3,6.5,5.5,7.2,6.9,6.9,6.3
A,FALSE,GLUTAMINE,C5 H10 N2 O3,No results,Partial match,Full match,-0.08,146.06913,147.07641,1.067,607189001.4,12,2,1,Single match found,Single match found,DDA for preferred ion,[M+H]+1,128638306.2,400383227,132234027.7,426171617,142195160.4,431102165.8,143611548.1,130696105.1,126580507.3,2032471.178,137306638.8,124724454.2,397447018.2,420710501.4,358643246.8,568969191.9,305093653.7,403319435.8,125416250,139051805.4,148458684.6,101499763.9,147569619.8,115490369.2,445686752.8,534387957.1,374068866.4,406656481.3,275707336.3,491015403.2,144572638.4,124097702.9,147933320.1,129198965.5,160688210.9,139817682.3,509071360.1,384026524.3,378062898.9,613521536.6,406539848.5,455664483.1,48.50484506,21.65422664,14.5365884,21.72736012,9.377574662,19.85438709,10,10,,,,,,,1.5,,,,6.6,6.6,6.2,6.1,6.6,7,7.2,7.6,8,7.6,7.6,7.6,8.6,9,9,8.6,8.6,8.6,7.6,7.6,6.8,7.2,8,8,9.1,9.1,9.1,8.4,9.5,9.1,8.5,8.5,8.5,8.1,8.1,8.1,9.6,10,9.6,10,9.6,9.6,9.6,9.6,10,9.6,10,9.6
A,FALSE,GLUTARYLCARNITINE,C12 H21 N O6,Full match,No results,Full match,0.21,275.13694,276.14422,6.621,868644.6931,12,27,20,Single match found,Single match found,No MS2,[M+H]+1,478384.938,331561.5851,362961.6303,321466.0218,699287.2589,394027.6326,467366.3212,489059.1801,467710.6959,16986.51682,632638.5705,559844.0154,454486.163,317739.4403,530821.1989,269131.1657,186724.5708,345383.7299,306950.1363,264593.9092,293496.8608,436091.739,546973.2778,418973.1242,217027.6695,346230.6908,296701.3527,419684.1689,428246.2604,220971.448,555038.9731,548155.2629,813846.6117,711543.6881,687030.8296,760113.6203,128481.7194,500577.1796,334174.6525,436626.8874,422112.4967,365942.7685,49.32066808,35.58361869,28.66502986,28.94133031,15.90619134,35.4737213,7,5.9,,,,,,,,,,,4.8,5.2,4,,4.8,4,4.5,4.5,3.8,4.1,2.2,4.1,4.6,4.3,4.6,5.8,5.8,4.3,3.1,3.9,4.6,3.1,5,3.1,6.3,6.3,6.9,7,6.3,6.7,2.4,4.5,3,4.5,4.9,3.8,4.8,5.9,2.5,5.2,5.5,5.2,5.9,5.2,4,4.4,5.9,4.4
A,FALSE,GLUTATHIONE REDUCED,C10 H17 N3 O6 S,Full match,Partial match,Full match,-0.48,307.08366,308.09093,1.853,2315693914,12,18,2,Single match found,No matches found,DDA for preferred ion,[M+H]+1,1896734.776,1848875943,2001530.938,2220078061,7403750.386,1961127886,918977.1444,1974327.497,1819142.055,41024.23356,14017428.97,4622506.302,2287258120,1817563212,1880188674,1497825423,1776359851,1900891636,1765624.513,82155396.6,2063177.97,1939883.906,1101341.55,3038727.202,2061096888,2606065364,1985985985,1788748801,2379059234,2599732030,1427896.641,4946376.653,74016300,9861124.119,1969127.666,16601268.61,2012909751,1818952430,1973943123,2240487936,1948312650,1926784620,133.1244411,13.69841688,213.3514667,15.26396616,154.1425872,7.062691861,10,10,,,,,,,,,,,3.5,4.6,3.9,,6.6,5.6,8.6,8.6,8.6,8.6,8.6,8.6,3.5,6.6,5,3.9,2.7,5.2,8.1,8.1,7.7,8.5,7.7,7.7,3.5,6,7,6.6,4.6,7,9.1,8.7,9.1,8.4,9.1,9.5,9.6,10,9.6,9.6,10,9.2,9.6,9.6,9.6,10,9.6,10
A,FALSE,GLYCEROL 3-PHOSPHATE,C3 H9 O6 P,Full match,Partial match,Full match,0.06,172.01369,173.02096,1.058,35063026.64,12,3,2,Multiple matches found,Multiple matches found,DDA for preferred ion,[M+H]+1,8893920.273,14994456.09,8392167.159,18640066.31,7148990.406,12415893.62,11118343.58,9980645.583,7807194.964,92928.59094,7260311.636,10197558.94,11474589.91,18514322.28,22155093.02,8409994.314,20467734.32,10254215.05,9786684.262,8999794.316,7232231.319,8558819.672,8225514.645,6921495.931,8525012.725,14392536.23,20965202.05,16314930.56,35472827.98,22083849.53,7363823.743,6543851.869,8351642.669,6934157.068,6503715.041,7390067.695,11082199.25,7780702.405,26805633.64,10316590.94,18330025.38,13749588,52.04208007,38.50392036,13.0093544,46.7297292,9.593547816,47.28193569,9.2,9.2,,,,,,,,,,,5.8,5.5,5.1,0,5.5,5.5,6,7.1,4.8,4.4,6.7,6.7,7.9,7.5,7.1,7.9,7.1,6.9,4.3,5.5,5.5,5.1,7,6.2,8,7,7.6,8,7.4,7.2,5.5,5.5,6.6,5.8,5.5,5.5,8.9,8.1,8.9,9.2,8.1,8.9,9.2,8.9,8.5,8.9,8.9,9.2
A,FALSE,GLYCINE,C2 H5 N O2,Full match,Partial match,Full match,0.56,75.03207,76.03935,1.025,38558653.09,12,2,2,Single match found,No matches found,No MS2,[M+H]+1,28567873.76,11953410.25,34241132.82,12745567.83,29353573.94,10710585.36,28290650.52,28845097,30621355.29,3265399.197,21978616.66,30104894.4,12994779.03,11674629.38,14175885.37,10940499.69,10543006.28,12232191.13,24005155.58,35546225.21,38503068.86,32936040.42,27912671.37,37950314.03,11825094.62,12804039.65,14728449.47,15386056.86,10721790.39,12687096.01,26874164.25,31257014.07,27450133.81,36828130.92,27285983.27,38480366.99,11848438.53,10964565.43,10456605.3,11568338.11,9788051.336,9709271.199,44.24727399,11.14111082,17.65949895,13.46654369,16.42115825,8.354374534,10,10,,,,,,,,,,,7,7,7,3.3,7,7,9,8.6,9,8.6,8.6,9,8.5,8.5,8.5,8.5,8.5,8.5,8.6,8.2,9,9,8.2,8.6,8.5,8.5,8.5,8.5,8.5,8.5,9.5,9.1,8.4,8.4,9.1,9.5,10,9.6,9.6,10,10,10,10,10,10,10,10,10
A,FALSE,GUANINE,C5 H5 N5 O,Full match,Partial match,Full match,-0.13,151.04939,152.05667,1.777,315816228.7,12,5,4,Single match found,Single match found,DDA for preferred ion,[M+H]+1,47923666.82,3008724.344,86268271.81,3193602.673,53274007.63,4293756.87,50952210.79,47432233.65,48415099.99,309630.3673,40643685.42,100141887.1,568436.7842,1363618.163,7274651.543,6163479.985,4520396.289,1497052.4,88107256,58448725.53,88325740.36,316881511,66707718.57,84429287.63,1843785.335,43315020.71,4225226.631,4259354.735,2161978.716,1593803.757,54430851.51,40320841.08,52117163.76,36077542.45,69495515.09,76844545.03,1254562.376,3977606.837,9364360.016,178359.5462,4609906.903,9472963.528,66.27599982,78.87827573,84.18124252,173.2625943,29.03287799,81.75717675,9.2,9.2,,,0.5,,,,,,,,7,6.2,6.2,3.3,6.2,7,0.2,1.6,,,4.8,2,7,6.2,6.2,7,5.8,6.2,2.7,5.8,4.8,4.5,,2,7.2,7.2,7.2,6.8,6.8,7.2,1.6,4.1,5.5,2.1,4.1,6.2,8.9,9.2,9.2,8.9,9.2,9.2,8.9,8.5,8.5,8.1,8.9,8.5
A,FALSE,HISTIDINE,C6 H9 N3 O2,Full match,Partial match,Full match,0.02,155.06948,156.07676,1.021,111943843,12,2,1,Single match found,Single match found,DDA for preferred ion,[M+H]+1,63823996.09,95387456.74,73978526.09,81127170.87,76851472.79,91015386.32,61025139.29,66622852.89,74150837.66,1277853.939,52937627.36,76502438.65,95834137.19,100259793.5,74883549.96,94940776.28,98075394.14,92243356.16,45854027.58,91935875.43,85394161.65,64692020.29,60748151.54,83265031.89,79694091.04,82560250.71,82788990.33,77212147.86,64752965.68,101305443.6,67888344.07,93978218.24,75302704.39,111405023.6,64530915.3,78400241.19,93450979.95,86543856.59,89624664.37,92406108.26,101546026.8,77676920.68,50.32857514,9.868843269,24.59681004,14.50795743,21.63301641,8.794546944,10,10,0.4,,,,,1.5,,,0,2.7,7,7,7,5,7,7,9.5,9.5,9.5,9.5,9.5,9.5,8,8,8,8,8,8,9,9,9,9,9,9,8,8,8,8,8,8,9.5,9.5,9.5,9.5,9.5,9.5,10,10,10,10,10,10,10,10,10,10,10,10
A,FALSE,HYPOTAURINE,C2 H7 N O2 S,Full match,No results,Full match,-0.33,109.01971,110.02699,1.053,50703941.96,12,6,3,Single match found,No matches found,DDA for preferred ion,[M+H]+1,27687093.62,910851.4138,34438923.9,2805112.119,35915042.83,4648694.581,20322362.39,40646123.94,17096160.99,243454.0871,35051824.85,45638190.07,254977.2715,1126571.15,695131.6778,5123503.232,1226475.272,436872.5134,36664724.65,35298636.33,22279377.82,49712407.54,33579211.46,28718363.44,3149896.522,2460327.716,2224843.983,8137466.645,5238391.342,1622347.525,18046858.74,49494674.62,43269175.15,32366969.05,38242004.42,33588081.25,5424960.916,1014567.552,5903506.143,3872428.246,2018848.665,7657325.104,64.38476665,123.5990624,26.67037711,64.71194771,30.08520236,57.96854916,9.6,9.6,,,,,,,,,,,6.2,5.8,6.2,4,6.2,6.6,,2.3,1,1.8,2.7,,7.6,7.2,7.2,7.2,8,6.8,2.2,1.8,2.3,3.2,3.3,1.6,6.3,7.1,6.3,6.7,6.3,6.7,3.7,,3.3,2.6,1.6,4.3,8.9,8.9,8.9,9.6,8.9,8.9,8.9,9.6,9.2,7.7,8.5,8.5
A,FALSE,HYPOXANTHINE,C5 H4 N4 O,Full match,Partial match,Full match,-0.22,136.03848,137.04576,2.237,351395940.4,12,3,2,Single match found,Single match found,DDA for preferred ion,[M+H]+1,277896313,24458385.28,254648672,50566582.99,271645545,27622341.64,329002544.6,307107900.9,212852134.9,1965572.733,248684725,355582470.5,12432615.06,13593537.16,32137301.96,40870935.47,29067385.54,19849385.02,325821650.4,228300852.6,276685585.1,232611758.8,341823747.5,189660745.2,36762489.75,74034680.45,56932588.27,44200577.72,92427270.47,31021404.22,268073952.2,213920974.1,325564417.8,245002133.5,275217137.7,285267400.4,21769844.2,4968412.914,40023979.66,42659716.8,33474839.07,11345200.3,53.19307141,45.63882622,22.44962623,42.23180061,14.02973504,60.3779101,10,10,,,,,,1.4,,,,,7,7,7,5.4,7,7,6.6,7,6.6,6.6,7,6.6,8,8,8,8,8,8,6.6,7,7,7,6.6,7,8.6,8.6,9,8.6,8.6,9,6.6,6,7,6.6,6.2,6.2,9.6,10,10,9.6,10,10,10,10,10,9.6,9.6,9.6
A,FALSE,INOSINE-MONOPHOSPHATE,C10 H13 N4 O8 P,Full match,Partial match,Full match,0.29,348.0472,349.05447,1.881,230434367,12,5,2,Single match found,Single match found,DDA for preferred ion,[M+H]+1,77000098.81,52691011.99,136561786.3,36365341.73,183849650.3,45684979.26,12135752.2,86067154.83,179327222.2,43904.72109,207303028.5,67933042.78,62890216.29,40568879.53,24131310.81,70251316.42,51537727.94,53844296.05,43255564.39,169120991.1,162073389.9,111050182.8,94007939.64,213944745.7,74688393.33,66007639.72,38894313.82,33836369.64,30027681.55,33277056.55,174224177.6,210698635.7,117298980.6,226577930.9,182599271.2,185100029.5,58365398.95,20473090.36,37724301.65,53645656.87,35399007.69,80719264.75,92.56740998,32.51179327,46.31287487,41.57765667,20.56771033,44.26935916,10,10,,,,,,,,,,,6.6,7,6.6,,6.6,6.6,7.1,7.5,7.1,7.1,6.3,7.1,6.6,7,7,6.6,6.6,6.6,6.6,6.6,6.2,6.6,6.6,6.2,8,7.6,7.6,7.6,8,8,7,6.2,6.2,7,6.6,6.6,9.6,9.6,10,9.6,9.2,10,10,9.2,10,9.6,9.6,9.6
A,FALSE,ISOLEUCINE,C6 H13 N O2,Full match,Partial match,Full match,-0.17,131.09461,132.10188,2.636,115718775.8,12,1,1,Single match found,Single match found,DDA for preferred ion,[M+H]+1,50937415.8,81310736.41,52125500.82,106482106.7,59284466.46,85476779.03,50878135.66,48915839.76,50996695.94,415389.4667,65912222.75,74630881.38,79474319.59,64298193.81,96029397.43,115105867.8,83147153.23,72519613.99,49963687.51,60106402.21,65128015.61,41492742.26,54287314.13,40113535.7,74453565.81,103422100.6,109651762.8,109542112.9,115825771.4,102423113.4,73297894.39,60935783.74,44055979.55,57122486.52,61235005.3,57633149.17,85143206.55,85810351.51,100379639,98808348.92,80225797.76,84875916.82,52.91485603,21.32330746,19.26742666,14.23624405,15.92097248,9.304662504,9.6,9.6,,,,2.3,,,,,0,,6.2,6.6,6.2,1,6.2,6.2,7.2,7.2,7.2,7.6,6.5,7.6,7.3,7.7,8.5,7.7,7.7,7.7,8.2,7.9,8.6,8.2,8.2,8.6,8.1,8.1,8.1,8.1,8.1,8.1,8.7,9.1,8.7,8.7,8.4,8.4,9.6,9.6,9.6,9.2,9.6,9.6,9.6,9.2,9.2,9.2,9.6,9.2
A,FALSE,KYNURENINE,C10 H12 N2 O3,Full match,Partial match,Full match,0.12,208.08482,209.09209,6.542,4437134.13,12,3,3,Single match found,Single match found,DDA for preferred ion,[M+H]+1,285628.8387,2109301.847,291016.0709,3642093.555,250701.8478,2288727.214,473274.949,278371.8337,338317.9926,29502.6191,292885.8436,221210.9156,2198219.098,606224.8272,1719734.179,3295660.625,2104288.308,2114315.386,293236.5368,294813.5412,200790.9315,288795.6051,356292.2527,262909.6023,2064420.111,3738498.483,3382441.574,4006482.223,3545688.627,4463124.052,454521.4474,163958.4114,266884.1462,142475.0498,234519.5494,449800.8837,1826836.902,1028881.414,2497221.794,3761193.39,2080232.633,2675266.041,53.6730038,43.23707602,17.89881917,23.03048796,47.9819032,39.65749926,8,8,,,,,,,,,,,2.9,1.7,1.4,,2.1,0.6,4.2,1.4,4.2,6.4,5.4,5.4,2.9,2.1,2.9,2.9,3.3,2.9,5.3,6.2,5.5,6.2,7,7,2.1,0.8,1.4,,2.1,1,4.7,4.4,6.1,6.9,5.5,6.5,8,7.3,8,7.3,8,7.3,7.3,7.7,6.9,8,7.7,8
A,FALSE,L-CARNITINE,C7 H15 N O3,Full match,No results,Full match,0.03,161.1052,162.11247,1.254,155394791.7,12,2,2,Single match found,Single match found,DDA for preferred ion,[M+H]+1,112491090.7,96412995.6,84733335.58,85446962.88,103582409.3,75280419.8,112598364.9,89293944.1,112383816.4,827975.2448,155876653,113303586.5,124009820.3,73851185.46,82624826.63,108274189.7,94819815.74,98006175.46,87187072.48,82279598.67,77419057.23,103602864.3,105147207.1,79318813.18,70120875.83,99436660.86,59367317.88,100914623.1,112250172.2,71457264.9,101880932.9,93995390.92,105283885.7,99960831.04,131657064.2,118040327.7,43409160.89,72830926.06,96770631.9,110136027.7,68285744.97,77729913.53,53.39828325,18.48309344,13.73770402,24.8613063,12.80579986,29.73223611,10,10,,,,,,,,,,,7,6.6,7,4.6,7,7,8.5,8.5,8.5,8.1,8.5,8.5,9,9,8.6,9,9,8.6,8,8,7.2,8,8,8,9,8.6,9,9,9,9,7.6,8,7.6,8,8,8,10,9.6,9.6,10,10,10,10,10,10,9.6,10,9.6
A,FALSE,LUMICHROME,C12 H10 N4 O2,Full match,No results,Full match,0.17,242.08042,243.08776,8.741,2373767.504,12,5,5,Single match found,Single match found,No MS2,[M+H]+1,631786.3953,1518078.844,723693.4738,1598332.44,628537.8067,2052855.207,806279.8619,758234.4497,515983.5608,41917.12582,514403.324,747589.2298,2199204.565,1502655.853,1478005.041,1885376.787,1334867.453,1533501.835,750725.5814,656220.9001,694116.8126,875444.9412,1017379.571,696661.3661,1635792.158,1885258.986,1560872.722,1644443.489,1332789.993,1528107.591,603179.8452,561613.4707,915413.0378,542210.6697,653895.7683,1107890.305,2063535.067,2379328.412,1975730.981,2210960.054,1913722.562,2042175.347,50.60926877,19.49768948,17.71910828,11.28934593,31.36757762,8.121870861,8.5,6.8,,,,,,,,,,,3.1,2.5,1.7,,1.4,2.5,6.5,5.4,6.5,5.8,6.5,6.1,4.4,4,4.4,5.8,4.2,5.9,5.1,6.6,7,7,6.6,7.4,1.9,3.8,4.4,3.4,3.4,4.4,8.3,8.5,7.9,7.1,7.5,7.5,5.8,6.4,5,4.1,4.1,4.9,6.8,4.9,4.1,6,5,5.3
A,FALSE,LYSINE,C6 H14 N2 O2,Full match,Partial match,Full match,0.13,146.10555,147.11282,0.935,36952993.03,12,9,9,Single match found,Single match found,DDA for preferred ion,[M+H]+1,9136192.692,19725963.67,10269895.01,28828842.8,9594233.873,26376927.39,7787145.459,9557421.668,10563775.2,67071.15847,8714963.716,11391821.76,16157837.68,16349213.55,28209413.02,28403447.6,17049959.01,22401968.33,10339875.15,10199914.86,7641726.501,8182289.739,11674086.34,13253482.03,23355387.45,26903108.84,32836964.42,32076289.16,29307081.19,28350604.41,9012884.431,10191599.33,7291284.583,10139103.89,9452048.901,9736418.844,27701378.17,21087781.81,25052476.62,37092245.31,18058215.79,28163007.87,51.14402173,27.07695503,20.5951611,12.09922847,11.60596484,25.23782872,7.9,7.6,,,,,,,,,,,4.7,4.7,5.1,4.9,3.9,4.7,4.9,6.5,6.8,6.5,6.5,6.8,5.7,5.7,5.3,5.7,5.3,5.7,7.1,7.1,7.5,7.9,7.5,7.5,7.1,6.7,6.7,6.3,7.1,6.7,6.8,6.8,6.5,5.3,6.5,6.8,6.8,6.8,6.8,7.6,6.8,7.2,6.5,7.2,6.8,6.8,6.5,7.2
A,FALSE,METHIONINE,C5 H11 N O2 S,Full match,Partial match,Full match,0.24,149.05108,150.05836,1.778,93373514.06,12,4,4,Single match found,Single match found,DDA for preferred ion,[M+H]+1,41049050.99,68764901.09,51809384.75,75455086.61,45415361.75,60221761.74,45252902.11,42149126.45,34488727.35,138132.3035,39948975.52,62050236.29,73935360.5,47200515.43,69968016.51,78584699.67,66071159.2,67561785.67,49286384.06,54332385.44,46140909.57,56890632.41,58981374.27,28778865.96,67004402.86,76143281.76,62697219.09,79072874.41,74766891.47,79383223.92,38889729.53,39652921.44,51472624.14,48457547.6,42373175.9,55992361.83,70062865.97,49521658.61,62643030.88,93209895.37,54572226.05,57800492.59,54.82542184,16.07788327,22.46296147,9.319139835,15.00676719,24.22992257,10,10,,,,,,,,,,,7,7,6.2,3,6.2,7,8.1,8.5,8.1,8.5,8.1,8.1,8,8,8,8,7.6,7.6,9.1,9.1,9.5,9.5,9.1,9.5,8.1,8.1,8.5,8.5,8.1,8.1,7.6,7.6,7.6,7.6,8,7.6,9.6,10,9.6,9.2,10,9.6,9.6,9.6,9.6,9.6,10,9.6
A,FALSE,"N,N-DIMETHYLARGININE",C8 H18 N4 O2,Full match,No results,Full match,-0.05,202.14297,203.15024,1.299,28942040.72,12,9,8,Single match found,Single match found,DDA for preferred ion,[M+H]+1,7531783.237,17109126.9,9101123.584,15857055.8,6764252.541,18139552.62,7615375.061,7448191.412,7903490.34,26818.92188,5796814.286,7887963.707,21275089.42,12562663.41,17672290.72,18279419.19,14057948.75,16545963.08,9677176.249,9622200.632,7679511.267,6119405.745,11080578.1,8580046.537,16361082.35,22071042.51,10683312.56,13272702.2,15353029.25,20568576.8,5885326.562,6307108.829,6843326.03,6685179.051,7220829.434,9172511.716,19052399.93,12921583.67,17226705.3,28402431.6,11359345.32,19667441.39,50.43968497,18.61114712,19.78659891,26.33491036,16.38417668,33.37112298,9.5,9.5,,,,,,,,,,,6.6,6.6,6.6,,6.7,7,8.5,8.5,8.5,8.5,8.5,8.5,8.5,8.5,8.5,7.5,8.5,8.1,8,8,8,8,8,8,7.5,7.9,7.5,7.9,8.1,8.5,7.5,7.5,7.5,7.5,7.5,7.5,8.7,9.5,9.5,9.5,9.1,9.1,9.5,9.5,9.5,9.1,9.5,9.1
A,FALSE,N-ACETYLASPARAGINE,C6 H10 N2 O4,Full match,No results,Full match,0.02,174.06406,175.07134,1.22,208867670.7,12,1,1,Single match found,Single match found,DDA for preferred ion,[M+H]+1,1028437.894,109501124.5,1165446.227,116298258.5,1138202.587,129908327.3,1125840.748,1061938.819,994936.9694,30364.86827,1332760.096,945307.7266,132846595.9,88869311.67,133545610.4,97806523.25,121195725.7,96316579.76,7699.232466,1286018.115,1060574.82,1183619.425,1147273.028,1330996.319,123183998,129469413.1,89434906.07,151909378.4,98776879.55,109412519,992502.2031,1299507.674,2405145.266,801263.9896,1251907.751,1024497.423,144809134.5,209398671.9,110939110.8,127859974.4,93112371.47,131956680.2,49.60411537,17.73980816,49.56656613,19.34159269,44.23449758,29.36325175,10,10,,,,,,,,,,,3.5,3.1,2.3,,3.5,2.7,8.5,8.5,8.5,8.5,8.5,8.5,4.2,2.7,2.3,3.1,3.5,2.7,8.5,8.1,8.5,8.5,8.5,8.5,3.1,2.7,4.8,1.2,3.1,1.2,8,8,8,8,8,8,10,10,10,10,10,9.6,10,10,9.6,10,10,10
A,FALSE,N-ACETYLNEURAMINATE,C11 H19 N O9,Full match,Partial match,Full match,0.36,309.10609,310.11336,1.203,15937026.42,12,21,20,Single match found,Single match found,DDA for preferred ion,[M+H]+1,7073563.718,10969921.45,6636883.688,12834775.4,7148035.151,12445953.88,6498254.044,7648873.392,7690669.859,51820.86402,8311120.048,5454194.923,15540851.51,2346243.901,16105376.58,3265518.143,10395012.82,11544830.09,7447061.997,6513512.285,6760255.091,7021564.066,4916684.772,6370701.739,3798687.866,15918266.56,13488782.14,12180768.66,15618901.15,11597977.99,7264815.635,4214624.376,8460480.336,6665337.24,8347432.568,7031254.667,12260536.52,12522382.35,12664614.67,12270683.61,13700134.88,12369525.4,51.49774079,59.85017262,13.33162281,36.59799194,22.03804739,4.323803926,8.5,7,,,,,,,,,,,4.8,5.8,5.8,,5.8,3.3,5.1,2.2,5.1,2.2,3.9,3.9,7.5,6.5,7.2,7.1,5.4,6.9,1.9,5.2,3.7,4.1,5.2,5.6,6.1,5.5,6.8,6.2,6.5,6.1,7.3,7,6.2,8.5,7.7,6.6,6.2,6.2,6.6,7,6.2,6.2,7,6.6,6.2,5.2,6.2,5.8
A,FALSE,N-ALPHA-ACETYLLYSINE,C8 H16 N2 O3,Full match,Partial match,Full match,0.08,188.11611,189.12338,1.375,61880914.87,12,7,6,Single match found,Single match found,DDA for preferred ion,[M+H]+1,3297373.989,36835454.51,3175808.852,37817234.77,2756941.742,48811952.69,2157679.763,3809810.358,3480002.748,32819.33133,3114745.229,4079380.12,31892275.84,41778633.19,61714772.6,30528762.01,27130078.2,46065742.59,3953800.029,2884086.162,2536794.26,3232560.964,3231624.858,3119992.847,29110753.31,39989793.33,36880997.49,33131242.32,38753472.04,39795111.11,2643456.263,2419963.84,4490728.066,2870427.222,3189975.682,2364849.937,53880257.81,49498452.72,33858676.05,56392900.38,48125452.65,19418356.34,54.05929314,32.37740581,14.88863406,11.94653836,26.45442259,32.55760298,9.5,9.5,,,,,,,,,,,5,5.6,5.6,,5.6,5.2,7.5,7.5,7.5,7.1,7.1,7.5,7.6,8,6.9,6.5,7.6,6.9,9,9,9,8.6,9,8.6,6.2,5.9,7.4,5.9,6.6,5.1,7.5,7.5,7.1,7.5,7.1,7.1,8.4,8.7,8.4,9.1,9.1,8.7,9.1,9.1,9.1,9.1,9.1,9.5
A,FALSE,NICOTINAMIDE,C6 H6 N2 O,Full match,Partial match,Full match,-0.81,122.04791,123.05519,2.176,576114332.8,12,4,2,Single match found,No matches found,DDA for preferred ion,[M+H]+1,125072120.6,487359997,119134339,448954944.2,126898450.2,469479331,127968041.3,126328675.9,116890292.4,4097686.809,123815565.2,147175884.6,543807626.7,482509598,492210396,450797387.4,452533963.2,502857263.8,129042369.9,110351515.4,109297783.8,127917162.5,143733423,98381570.41,446895514.1,539741352.9,386780346.3,396900683.1,480382527.5,451014374.3,139890579.3,111671929.7,153325642.7,116511539.6,119209539.5,134587360.9,473572068.3,501226643.3,351727487.1,465386593.8,437968814.4,565210880.9,48.05069417,7.12025218,13.88119598,12.48524776,12.44860094,15.17441202,10,10,,,,1.1,,,0.7,0.7,,,6.6,7,7,3.3,7,6.2,9.1,9.1,8.7,8.7,9.5,9.5,9,8.6,9,8.6,9,9,8.2,8.6,8.2,8.6,8.6,8.2,9,9,8.6,9,9,9,8.1,8.1,7.7,8.1,8.1,8.1,9.6,9.6,10,9.6,10,9.6,9.2,9.6,9.6,9.2,9.6,9.2
A,FALSE,NICOTINAMIDE MONONUCLEOTIDE,C11 H15 N2 O8 P,Full match,No results,Full match,0.66,334.05682,335.0641,1.376,2730006.254,12,8,8,Single match found,Single match found,No MS2,[M+H]+1,1353749.749,502378.6764,1677105.918,396995.6325,1636497.122,547767.2016,1129605.7,1392014.023,1354703.621,30278.1879,1352795.876,1688822.875,318880.518,613168.495,617523.0981,391588.8577,636823.8879,236218.5764,1505383.587,1726791.214,1627420.623,2737991.608,1908657.839,1339480.113,405959.1734,415286.0021,571531.4723,388032.0916,367902.1194,302555.7181,1119804.694,1590537.811,2036370.333,1615667.537,1824803.715,1657326.706,444515.0969,463772.9851,796630.4931,631761.4181,451004.2998,645543.2465,50.14035954,37.38364726,27.38609417,21.87195799,18.59054635,24.96649574,7.1,7.1,,,,,,,,,,,3.5,3.5,3.9,,3.9,4.6,2.6,2.6,3,1.5,3,2.6,4.5,5.3,4.9,5.9,4.9,5.6,3.5,3.1,2.4,2.8,2.4,2.8,5,5.8,6.5,5,5.8,5.8,3.5,3.1,3.5,3.5,2.4,3.5,5.4,6.4,6.4,6.4,5.6,6,6.4,6.4,6.4,6,4.5,7.1
A,FALSE,NICOTINATE,C6 H5 N O2,Full match,Partial match,Full match,-0.12,123.03201,124.03929,1.885,8141611.644,12,6,5,Single match found,Single match found,DDA for preferred ion,[M+H]+1,921625.7444,4695419.325,909683.0508,3864748.674,1031706.322,4285241.722,869138.204,924931.707,1920748.363,1621775.947,918319.7818,886056.1728,3269424.442,4882924.643,2440440.624,5107532.427,5239343.286,4507914.007,808334.3609,974554.4135,1065012.092,844811.6881,824620.0589,1026726.134,4360925.246,3107260.21,3118233.465,3368572.102,4364609.873,7939667.129,1019981.429,1106784.973,1897158.575,1043431.214,1009890.685,921425.4459,4500559.678,2293396.488,3372469.717,4069923.767,4547650.779,7129833.102,38.68360333,26.71042147,12.10159915,42.01579933,31.11509718,37.40165726,8.6,8.6,,,,,,,,,2,,3.6,4,4.4,1.3,2.9,2.5,5.9,5.5,5.5,7,6.2,5.9,4.7,5.5,4.7,4.7,5.1,4,4.8,3.7,4.5,4.8,5.2,5.8,4.4,3.6,4.4,3.6,4,3.2,5.4,4,5.4,5.4,5.4,6.7,7.9,8.6,8.3,8.6,8.6,8.6,8.6,8.6,8.3,7.9,8.3,8.3
A,FALSE,O-PHOSPHOETHANOLAMINE,C2 H8 N O4 P,No results,Partial match,Full match,0,141.01909,142.02637,1.025,124295745.7,12,3,2,Single match found,Single match found,DDA for preferred ion,[M+H]+1,69164715.98,86192850.5,61444242.13,97780166.41,64895171.79,109186079.2,52401396.09,87198250.75,66308562.55,1582888.759,72020869.42,77711344.71,103389139,89753818.79,104794926.3,48181923.5,74381944.13,82631882.2,72335631.86,61979451.99,52473833.76,60909032.26,74361411.08,59310425.28,80772611.98,95374179.67,122906568.5,100186153.2,102181540.8,89982836.94,66591137.46,54273630.12,76231827.02,68391850.56,62875105.59,63199206.12,108584988.2,113598789.3,106773699.9,112705352.4,86086746.47,109787170.2,51.5331811,25.12051304,13.05288204,14.40942269,11.10476025,9.601945411,10,10,,,,,,,,,,,7,7,7,5,7,7,8,8,8,8,8,8,9,9,9,9,9,9,9,9,9,9,9,9,9,9,9,9,9,9,9.5,9.5,9.5,9.5,9.5,9.5,10,10,10,10,10,10,10,10,10,10,10,10
A,FALSE,OPHTHALMATE,C11 H19 N3 O6,Full match,No results,Full match,-0.01,289.12738,290.13466,2.205,441056642.9,12,2,2,Single match found,Single match found,DDA for preferred ion,[M+H]+1,16232506.68,160460837.1,22827414.6,157755559.1,23907392.88,163199414.8,19233998.65,13007877.06,13231014.7,44789.22194,25708251.37,31497573.27,440974242.6,158489885.8,221014199.7,76812725.51,162431788.3,90242086.45,18466319.55,20955531.08,25572717.12,19319221.34,24699298.13,27492089.26,71237076.59,186978344.4,172771509.9,142739608.2,175921609.4,127456472.1,14104983.46,33686902.98,16714241.5,30050259.18,25202093.04,22612692.73,190237554.6,177400069,182910461.9,129303794.5,148998760.6,124519407.5,64.43774914,69.39510556,16.16125166,29.39909011,31.781954,17.92652534,10,10,,,,,,,,,,,6.2,6.2,6.6,,6.6,7,7,6.6,7,7,6.6,6.6,8.1,7.7,7.7,8.1,8.1,8.1,7.6,7.6,8,7.6,8,7.6,6.7,7.5,7.1,6.7,6.7,6.7,8.1,8.5,8.1,8.1,8.1,8.1,10,9.6,10,9.6,9.6,9.6,9.6,10,9.6,9.6,9.2,9.6
A;C,FALSE,ORNITHINE,C5 H12 N2 O2,Full match,Partial match,Full match,-0.15,132.08986,133.09714,0.931,3349615.489,12,10,10,Multiple matches found,Multiple matches found,No MS2,[M+H]+1,487042.376,1564853.714,575194.6882,2586629.208,395872.5586,2258433.101,540750.3612,841865.8903,408469.2808,29405.81134,433334.3908,589254.4251,1908781.047,1225380.412,1863860.082,1521374.549,1608332.879,1458807.377,379392.6245,521518.8839,525612.4896,802799.5272,943672.682,624776.8869,3327293.295,2024591.081,2491734.79,2681523.626,2844947.991,1732307.369,303393.1072,380951.8908,426828.0177,399045.9041,392699.2132,485023.5841,2927760.193,1811961.323,1715227.162,3237018.272,1085727.439,2704904.879,56.36561958,16.1147242,32.66128141,22.82273226,14.9387931,37.09348838,6.8,6.8,,,,,,,,,,,2.9,2.3,1.7,,1.4,2.1,4.6,5,6.1,5,4.2,5.4,3.8,1.9,2.2,3.6,2.9,2.6,6.2,5.3,4.7,5.9,5.9,4.9,3.4,4.1,3.4,4.5,4.1,4.1,6.1,5.1,4.7,5.4,4.7,6.1,5.4,6.8,6,5,6,6.2,4.6,4.3,4.9,3.9,5.4,4.5
A,FALSE,PHENYLALANINE,C9 H11 N O2,Full match,Partial match,Full match,-0.1,165.07896,166.08624,6.536,209474459.2,12,4,3,Single match found,Single match found,DDA for preferred ion,[M+H]+1,149613708.9,138470499,151784963.8,181233794.6,149166519.3,145082473.8,173851210,153703073.7,143638158.5,1027791.336,145524344.1,206958405.4,122202043.5,104421761.1,195607043.9,165942610.1,148233709.9,128707288,165105842.8,170743105.9,132083210.1,138464084.8,205462594,117311384.7,124850891.4,176416831.2,186050757.9,211108834.8,163270621.8,196964833.8,166131834.1,133293865.9,144210809.6,154122229.1,135417820.6,170607419,154318667.8,108725589.5,178441479.4,143268364.9,146896582.7,89777876.59,51.58332167,22.87229686,20.65427219,17.09759219,10.39026699,23.51928353,10,10,,,,0.2,,0,,,,,6.6,7,7,3.9,7,6.6,8,7.6,7.6,8,7.6,7.6,8,8,8,8,7.6,7.6,8.5,8.5,8.1,8.1,8.5,8.1,9,9,8.6,9,8.6,9,8,8,8,8,7.6,7.6,10,9.6,10,9.6,10,9.6,10,10,9.6,9.6,9.6,9.6
A,FALSE,PHOSPHORYLCHOLINE,C5 H14 N O4 P,Full match,No results,Full match,-0.39,183.06597,184.07325,1.086,666896607.6,12,2,1,Single match found,Single match found,DDA for preferred ion,[M+H]+1,514951820.4,368219803.7,568170338,447295989.9,638262045.4,419462721.4,453828132.4,487749261.3,542154379.6,4263463.022,575503545.1,620335126,362954133.3,334325452.7,433110968.7,373485474.2,353986622.2,450818482.7,556931064.5,579409611.5,488781249.5,513169620.7,630555615.7,599264781.2,457324639.3,437267340.5,522031656.5,569643203.3,425672457.4,352078850.1,548832498.7,614567489.5,662262127.7,637078324.3,645335572.8,639445766.6,421424532.1,329874680.2,585817500.7,362011163.8,625943172.5,417500910.6,50.32201577,12.07561985,9.480131844,16.59345715,6.430543553,26.46068938,10,10,,,,,,,,,,,7,7,7,5.6,6.6,6.6,9,9,9,8.6,8.6,9,9.5,9.1,9.1,9.5,9.1,9.5,8.1,8.5,8.5,8.1,8.5,8.5,9.1,9.5,9.1,9.1,9.1,9.1,7.6,7.6,7.6,7.2,7.6,8,9.6,10,10,10,10,9.6,10,10,10,9.6,10,10
A,FALSE,PIPECOLATE,C6 H11 N O2,Full match,Partial match,Full match,0.09,129.07899,130.08627,1.619,7565196.663,12,10,8,Single match found,No matches found,DDA for preferred ion,[M+H]+1,3073725.664,4100144.906,3555132.731,4643337.536,3748306.34,5584244.781,3226526.784,2531999.673,7909660.587,311445.9335,3386538.313,2920924.544,3475922.98,4250630.233,3949659.578,5861826.611,3313037.911,5152876.693,3632597.097,2829916.291,4415909.152,3171557.946,3645225.474,3477668.365,4726190.677,4937819.738,4396847.596,4560484.395,7118613.665,4443239.785,3532655.482,4793226.558,3612134.051,3775669.675,3720943.005,3867340.005,5448915.231,3205429.143,5719574.331,5786356.654,6376543.716,5116937.004,73.50828433,22.93024017,15.15476848,20.71331598,11.87047571,20.78308924,8.5,8.5,,,,1,,2,,2,1.2,,6,5.2,7,1.4,6,4.8,5.9,6.6,5.5,6.6,5.9,7,7.5,7.1,8.3,7.5,6.7,7.5,7,6.2,6.2,6.2,6.8,6.2,7.2,8.4,8,8,8,8,6.2,5.9,5.9,6.6,7.4,6.6,7.8,8.1,7.8,7.8,8.5,7.8,8.1,8.5,8.1,8.1,8.1,8.5
A,FALSE,PROLINE,C5 H9 N O2,Full match,Partial match,Full match,-0.61,115.06326,116.07053,1.234,1480451573,12,1,1,Single match found,No matches found,DDA for preferred ion,[M+H]+1,154882218.2,490457333.1,208157108.3,532893023.1,220957068.9,460865396.1,219594218.1,94850051.25,204472222.9,2282295.116,245667429.7,105292213.5,295800691.3,1479881495,209626380.9,829298735.1,257085073.3,685113974.8,230141692.2,218388543.1,284219346.3,197925673.6,165637754.6,127002623,610311784.4,507641377.9,430990237.2,558144668.4,486035382.7,647557391,195992549.8,218744675.3,161110012.1,223169462.5,327919563.3,264489377.4,789488174,249036328.2,461439643,460291149.3,468350962.3,360853514.2,64.31082574,77.9946513,26.6507677,14.9691379,25.01899899,38.81568246,10,10,,2.4,,1.8,,0.8,,,,,6.6,6.6,6.6,5.4,7,7,6.6,6.6,7,6.6,7,7,8,7.2,8,7.6,7.6,7.6,8.6,8.6,8.6,9,9,9,8,7.6,8,7.6,8,7.6,7.1,7.5,7.1,7.1,7.1,7.5,9.6,9.6,10,10,9.6,10,10,9.6,10,10,10,10
A,FALSE,PTERIN,C6 H5 N5 O,Full match,No results,Full match,0.25,163.04945,164.05673,3.364,1958452.266,12,14,10,Single match found,Single match found,DDA for preferred ion,[M+H]+1,54678.13542,569548.1838,92492.4984,480612.2406,112589.005,531442.4129,42484.80194,93919.26409,50163.31357,49213.35844,59192.95728,148979.8554,639624.5394,681206.8181,578048.62,490466.8253,487722.8637,561047.7476,101361.4537,55409.78202,183556.9261,83623.54307,162029.5285,47344.99962,444482.1233,487116.2039,542981.7512,474108.2773,395410.5044,557427.6805,47105.34739,48307.21779,187990.4373,134402.7174,90775.2926,148340.979,532735.0537,508040.6718,546967.4579,559781.0417,530149.7721,502617.5633,55.44012618,13.60758085,53.04509605,12.53985226,52.11347299,4.145675159,7.1,7.1,,,,,,,,,,,1.5,0.4,,,,0,4.1,3.8,3.4,3.4,4.1,3.8,0,,0.6,,0,,3.4,3.4,3.8,3.4,2.6,3.8,,,,,,0.4,4.4,4.8,4,4.8,4.4,4.4,5.3,5.6,5.6,6.4,5.3,7.1,6.4,6.8,6.8,6.4,6.4,6
A,FALSE,PYRIDOXAL,C8 H9 N O3,Full match,Partial match,Full match,0.27,167.05829,150.055,1.981,4024562.925,12,13,3,Single match found,Single match found,DDA for preferred ion,[M+H-H2O]+1,1033151.88,1106855.013,1285161.823,1268325.273,910495.4627,1701111.08,1634660.257,1169632.086,702838.6633,85414.97379,896671.6748,1798219.061,1226588.355,891218.2418,3971333.868,1959212.938,516892.2723,987121.6716,1431363.364,1313274.027,1081302.246,1257049.62,1445772.269,799653.9464,1648155.872,1234905.204,983736.4226,1455915.835,1301745.341,1121808.108,935198.9246,868958.0468,1464669.289,807482.9424,885792.0008,937745.3119,1255036.738,1848523.597,1751590.45,1726513.506,1086229.237,1675708.655,60.20918877,79.16476639,20.10934951,18.36413851,24.47507111,19.86487583,8.6,8.6,,,,,,,,,,,4.6,3.9,2.9,,3.1,5,3.5,3.1,6,4.2,2.1,3.5,5.3,5.3,4.5,5.6,5.3,4.1,6.5,5.8,4.2,5.8,5,5.4,4.5,3.7,4.9,4.9,4.9,5.6,5.8,6.5,6.1,6.5,5,5.4,8.3,8.3,8.3,8.3,8.3,8.6,8.3,8.3,8.3,7.9,8.6,8.6
A,FALSE,PYRIDOXAL-PHOSPHATE,C8 H10 N O6 P,Full match,Partial match,Full match,0.08,247.02459,248.03187,2.383,7071553.963,12,8,8,Single match found,Single match found,DDA for preferred ion,[M+H]+1,1101540.256,5257181.256,1401575.273,4856251.166,1513956.847,5737173.344,850508.0012,1087623.296,1115457.215,54867.52328,1120234.98,1466956.286,7065222.558,4444147.937,5603400.782,5519138.648,4325861.168,4995223.865,1128542.295,1597618.871,1437133.718,1271833.533,1366016.828,1523772.45,4852905.308,5794902.09,4462470.855,4859597.025,5611259.265,3877610.214,1264803.871,1335631.235,2093364.395,1692282.459,1286907.098,1699898.307,5403583.402,6180930.665,6070763.285,5012875.461,4859887.152,6364410.225,50.60217294,18.82727911,12.31930207,14.53594364,20.91189549,11.36373243,8.5,8.5,,,,,,,,,,,3.1,3.5,2.7,,3.1,4.6,8.1,6.4,7.5,7.9,7.5,7.1,5.5,6.6,5.1,5.5,6.3,5.5,7.6,8.4,7.6,7.6,8,7.2,4.5,4.9,5.6,4.1,4.5,5.6,7.6,8,7.6,8,8,8.4,7.8,7.8,8.1,7.8,8.5,8.1,8.1,7,8.1,7.8,7.8,7.8
A,FALSE,RIBOFLAVIN,C17 H20 N4 O6,No results,Partial match,Full match,0.37,376.13842,377.14569,7.922,8077261.116,12,25,24,Single match found,Single match found,DDA for preferred ion,[M+H]+1,4031203.678,815030.9117,4352023.115,1279046.603,5004568.023,1354350.6,6994469.823,3606979.794,3975686.06,98609.3954,4086721.296,4846272.477,389838.5174,412786.0483,2469773.598,1217275.775,304756.8806,1261267.936,2575593.574,4448788.4,3509733.146,6937794.569,8112031.053,4255257.831,2056402.877,1448922.459,504292.7217,1109170.746,548537.6312,2794482.136,5245723.259,3446351.374,7050622.287,2645415.756,5041756.804,4967379.242,800224.796,2332835.051,1176479.679,1532221.522,1123060.865,2026572.787,56.8746522,82.60780564,42.55310765,63.33423231,32.45593238,39.00569085,7,7,2,3.2,2.4,4.3,2.8,,2.4,2.8,3.9,2.4,6.2,5.6,4.1,4.2,6,6,2.5,2.9,6,6.1,2.5,5,6,5.6,6,6.2,6.2,6,5,5.4,2.9,4.6,4.4,6,6.5,5.7,6.7,6.1,6.5,6.5,6.3,6.5,4.7,5.9,5.5,5.9,7,7,7,6.2,6.2,6.4,5.6,6.6,7,7,7,6.6
A,FALSE,SERINE,C3 H7 N O3,Full match,Partial match,Full match,-0.23,105.04257,106.04983,1.028,35764476.74,12,3,3,Single match found,Single match found,DDA for preferred ion,[M+H]+1,18126218.17,26232750.38,22804704.74,27831199.87,24387338.42,26108133.53,21507091.81,16574077.53,19678358.81,476366.6483,16372048.93,21259558.9,22339394.46,21010727.72,30635419.3,26248097.85,26328608.34,26217402.9,15675039.05,27157153.52,35713185.96,21538498.65,20384613.72,24070910.83,20988341.76,25298797.24,30433999.34,30363602.5,23677426.06,35435661.35,20504713.74,27646142.79,22683886.66,25891711.6,22882965.23,26230832.43,29603006.48,20769233.22,32036475.77,27891399.52,24324867.54,19656489.66,49.51604038,13.40655095,28.49238453,19.1986438,11.11292978,19.28196739,10,10,,0.5,,,,,0.9,,,,7,6.6,7,4,7,7,8.6,8.6,8.2,9,9,9,7.2,8,8,8,7.6,8,8.5,8.5,8.5,8.5,8.5,8.5,9,9,9,9,9,9,8.5,8.1,8.5,8.1,8.5,8.5,10,10,10,9.2,8.9,9.2,8.9,9.6,9.2,9.2,9.2,10
A,FALSE,SHIKIMATE,C7 H10 O5,Full match,Partial match,Full match,0.06,174.05283,157.04955,1.526,12204173.26,12,4,3,Single match found,Single match found,DDA for other ion,[M+H-H2O]+1,2813008.723,7186652.75,1198639.076,8849883.076,4653582.017,9057699.084,1228755.996,7708954.941,1192759.121,1163704.137,4397261.45,8584119.018,3791282.836,9708683.391,9615059.417,7103895.799,7269409.702,6555462.134,1042565.092,11559807.41,1309959.3,2680284.818,1087318.851,1054395.694,11456395.7,8895849.36,7373410.81,9049812.95,6522135.409,8803916.793,1158840.228,4489374.908,12122577.93,6831257.7,1116504.56,4817789.125,10749884.73,10704166.43,5692667.841,10679738.42,7435659.752,5525820.319,84.55738862,29.88097903,133.9118323,19.45522844,80.61562984,30.13048627,10,10,,,0.7,,,,,,,,,2.4,,,5.6,6.2,6.6,8,8,6.5,7.6,7.4,,6.2,,5.2,,,8.1,8.5,7.7,8.1,7.5,8.1,,6,6.6,6.4,,6,6.7,7.1,6.1,7.5,7.1,6.1,8.9,9.6,10,9.2,8.9,8.5,9.2,9.6,8.9,9.6,8.9,9.6
A,FALSE,SUBERATE,C8 H14 O4,Full match,No results,Full match,0.09,174.08922,175.0965,8.221,3713556.609,12,21,9,Single match found,Single match found,DDA for other ion,[M+H]+1,792877.0635,778630.5505,812916.6737,906154.716,838184.6587,926353.6293,796132.4146,776955.8813,974483.1332,789621.7125,1121852.537,768981.357,793421.6423,641087.4681,654549.3943,763839.4588,861145.7947,941943.5252,738063.5693,843768.4142,782064.9332,1038563.807,721719.7003,846871.5721,919991.1063,960136.3782,952887.6398,804681.588,892318.3257,860108.5484,3378352.285,869499.1204,848187.0863,612326.9448,828182.231,770617.5222,927978.4567,924728.8019,1049232.105,828541.4622,1037431.867,915319.6866,16.64026562,15.04925859,13.912801,6.591636934,87.24123327,8.772530389,9,9,7.9,7.8,7.6,8.5,4.9,7.8,8.2,8.2,8.2,7.8,7,6.7,7.3,7,8,7,7,6.3,7,7.4,8,7.7,6.8,7.8,7.6,8.5,7.6,7.8,8.7,8.7,8.7,8.7,9,8.7,6.7,6.1,6.1,5.2,6.5,5.5,8.7,4.9,9,9,9,8.7,9,8.7,9,9,9,8.7,9,8.7,8.7,8.3,8.7,8.7
A,FALSE,TAURINE,C2 H7 N O3 S,Full match,Partial match,Full match,-0.39,125.01462,126.02189,1.045,464284433.6,12,1,1,Single match found,Single match found,DDA for preferred ion,[M+H]+1,394904673,315569518.9,405050222.5,339534453.2,404121975.5,347663892.2,379152070.8,432638458.8,393747310.4,11988667.18,396062035.5,464099961.2,317914319.5,287299857.6,316732990.6,299568665.8,360626668.2,314406047.2,408638468.4,383007199.5,360558580.1,401461976.5,415097316,422964450.2,330619283.4,355325305.9,339102712.6,339966193.8,414234933.4,280607968.2,392535922.9,372159098.2,415955005.4,415708028.1,385785421.4,420309747.7,279721083.7,415370833.3,407857126.2,292959544.5,390506454.6,304821329.8,48.13268045,7.867130021,5.79169485,12.55977674,4.92658363,17.90963668,10,10,0,1.5,,,,,3.4,,,,7,7,6.6,6.2,7,6.6,9.5,9.5,9.1,9.5,9.5,9.5,9.1,9.5,9.5,9.5,9.5,9.5,8.6,9,7.9,9,8.6,9,9.2,10,10,9.2,10,10,8.5,8.5,8.5,8.5,8.5,8.5,10,9.6,10,9.6,9.6,10,9.6,9.6,9.6,9.6,10,9.2
A,FALSE,TRIGONELLINE,C7 H7 N O2,Full match,Partial match,Full match,0.21,137.04771,138.05498,1.303,4425736.221,12,11,11,Single match found,Single match found,DDA for preferred ion,[M+H]+1,3684926.484,2623329.17,3847655.335,2415186.897,3917120.866,2239586.462,3423524.078,3946328.89,4284841.78,292604.9246,3271428.832,4028965.351,2941079.683,1644312.623,2711369.724,3738238.734,2535288.617,1981435.748,4059528.562,3845018.09,3574238.694,4434670.285,3687463.329,3850292.581,2543427.047,2201588.819,2593491.381,2385607.886,2395527.012,2434846.783,3805913.923,3694463.845,4141144.318,3602821.529,4102503.434,4028327.809,2175493.482,3655845.331,2279659.637,2431991.488,2112266.667,2199513.288,46.08630403,28.47724833,7.824760136,5.677629342,5.795979768,23.76953044,7,5,,2.5,,,,,,,,,3.7,3.7,4.5,1.4,2.6,3,3.6,2.6,2.4,4.3,2.8,3.4,7,6.6,6.2,6.2,5.9,6.2,5.9,4.1,4.7,5.1,4.7,5.5,6.2,6.2,6.2,5.9,6.2,6.2,3.4,4.3,3,2.8,3.7,3.4,3.8,3.8,5,5,5,4.4,5,4.2,3.8,5,4.6,4.6
A,FALSE,TRIMETHYLAMINE OXIDE,C3 H9 N O,Full match,Partial match,Full match,0.51,75.06845,76.07573,1.224,28866592.96,12,2,2,Single match found,No matches found,DDA for preferred ion,[M+H]+1,9705346.625,739750.0061,15012970.73,780705.7179,13933609.95,957207.334,8021136.629,11389556.62,28845901.84,114050.041,5445537.125,18564270.09,617789.8471,777021.2409,702478.7713,652671.6276,874679.6933,1208785.901,6033609.875,18243223.69,19438817.94,16050311.66,5252392.449,13975629.8,843675.0334,610623.2949,1146027.808,1099530.781,717736.4024,519239.2278,10413388.93,14566032.47,13301187.42,25658926.81,10026364.57,21106688.56,668773.3324,523496.4513,1029221.274,1194913.929,1125224.981,885193.3941,85.12752675,27.05136894,46.52491603,31.20874092,39.45885893,29.24017523,10,10,,,,,,,,0,,,6.6,6.6,6.6,1.1,6.4,7,4.3,2.4,2.8,3.1,4.1,4.5,6.7,6.6,6.6,7,6.7,7,3.6,1.5,4.4,3.2,2.2,1.9,7.5,6.7,7.5,7.5,7.1,6.7,1.6,3.5,3.4,5.3,4.5,3,8.6,9.2,9.6,9.6,9.6,9.6,9.2,9.6,9.6,9.6,10,9.6
A,FALSE,TRYPTOPHAN,C11 H12 N2 O2,No results,Partial match,Full match,-0.22,204.08983,205.09711,7.653,1230066.761,12,24,24,Single match found,Single match found,No MS2,[M+H]+1,409337.0778,732949.9323,499703.9142,540489.7962,621433.6239,658896.9637,590271.6828,162169.2998,938291.1695,23010.84224,584423.3486,234250.8071,713164.7019,1047927.094,318755.0943,409689.3155,752735.1627,944146.785,421420.3668,434937.4033,754699.1722,373036.5102,564470.4252,701743.3118,266942.183,521410.5058,637135.8437,438634.7065,559569.0865,841531.8483,736018.4773,847438.7388,407626.8828,924925.0247,347591.5307,506848.7705,691801.1264,176913.2366,1079120.861,625184.4453,625992.8009,851126.3461,80.91750721,41.20124523,29.2823552,35.4236569,38.31457593,44.32376072,6,6,,,,,,,,,,,3.3,0.4,4.6,,3.6,1.4,4.4,4.6,1.4,3.3,4.4,5.4,3.5,3.5,4.6,2.4,2.8,5,1.5,3.8,4.1,3,3.8,4.7,3.8,4.4,2.2,4.4,3.8,3.8,4.4,,4.6,4.8,4,5,5.6,5.6,5.6,4.5,5.3,5,5.4,5.6,5.3,5.3,4.1,6
A,FALSE,TYROSINE,C9 H11 N O3,Full match,Partial match,Full match,-0.07,181.07388,182.08116,2.918,123594094.9,11,1,1,Single match found,No matches found,DDA for preferred ion,[M+H]+1,33567136.91,82144001.72,40283713.45,92331038.83,39332887.23,89476806.46,43048405.59,33565341.93,23539764.16,375961.553,33568931.88,53287875.5,91443501.63,58577518.87,80429454.03,118379633.6,83858549.41,67501160.43,34202885.53,44796205.93,37098942.69,43468484.21,46146904.81,24500262.53,88470557.52,100498237.9,88881601.97,84640373.97,95780475.7,108311607.7,38423989.85,34046651.85,45334603.93,40241784.61,32375503.09,47960918.84,95539806.92,55122551.59,90567600.47,123597968.5,77302431.77,88386012.44,58.13549459,24.9679867,21.46408712,9.394327259,15.41379631,25.41604822,9.5,8,,,0.8,0,,,,,,,6.6,7,6.6,1.7,6.6,6.6,7.6,7.6,7.6,7.6,8,8,7.6,7.6,7.2,7.2,7.6,6.8,9.1,9.5,9.1,8.7,9.5,9.1,7.3,8.5,8.5,8.1,8.1,8.1,7.6,7.6,7.6,7.6,8,7.6,,7.6,8,7.6,8,7.6,7.6,7.6,7.6,7.2,7.2,8
A,FALSE,URACIL,C4 H4 N2 O2,Full match,Partial match,Full match,-0.33,112.02724,113.03452,1.753,31113718.55,12,4,2,Single match found,Single match found,DDA for preferred ion,[M+H]+1,23008638.58,4746587.222,22104508.21,3895650.267,21671920.14,4092237.08,29011690.06,25231874.66,20749475.56,1214692.555,20785402.51,31831879.13,3884420.738,2141105.742,4489259.83,9911373.206,5079129.233,5003914.614,28718000.6,21630534.11,18933253.43,22578482.3,26905269.76,15609860.63,4488415.751,5188743.411,3302884.782,5156179.849,2274860.508,2260489.711,25036710.19,18299828.52,27001664.89,17094519.42,19566902.89,23776937.39,4738921.676,3375262.659,3445552.484,3333514.6,4945926.434,4741896.642,50.57872207,51.10434312,21.77970349,35.86406352,18.44587094,19.14772198,10,10,,,,,,,,1,,,7,7,7,1.6,7,6.6,3.7,2.3,5.2,6.6,4.1,4.8,8,7.6,7.6,7.6,7.6,8,5.7,5.4,3.8,5.7,3.6,4,8.5,8.5,8.1,8.5,8.5,8.5,6,6,5.2,5.6,6.4,5.6,9.2,10,9.2,10,10,10,9.6,9.6,10,9.2,10,9.6
A,FALSE,URATE,C5 H4 N4 O3,Full match,Partial match,Full match,0.11,168.02836,169.03563,2.005,47044326.55,12,7,6,Single match found,Single match found,DDA for preferred ion,[M+H]+1,206878.0457,11608975.68,150131.6505,22447819.6,698230.7998,6933408.141,320092.3893,93663.70201,1482828.072,74126.46106,665843.4938,69833.04299,15055608.91,10345194.21,25658776.34,3679447.223,12872757.14,2651626.716,76995.19449,1325558.146,291457.4369,38208.10129,223268.1065,50697.23034,2505958.148,13852721.2,47766755.88,31042918.01,32643822.63,5229226.687,864383.801,532077.7985,3792190.002,1480985.648,53474.96212,43641.13308,9073326.072,3307154.41,33282744.1,4793490.21,26081502.24,2251965.701,123.1560476,72.00606501,148.4005708,80.33312708,125.2558789,100.718882,9.5,9.5,0.8,,1.5,,,,,,,,,0,2.7,0.4,,0.4,6.6,6.2,7,5.6,7,5.2,0,4.2,,,,0.4,5.6,6.6,6.2,6.2,6.6,6,,0.2,5.2,3.5,1.5,1.5,6.2,6,7,5.6,6.6,5,9.1,8.5,9.1,8.5,8.1,9.1,8.5,8.5,8.5,8.5,9.5,8.5
A,FALSE,UREIDOPROPIONATE,C4 H8 N2 O3,Full match,Partial match,Full match,-0.1,132.05348,133.06078,1.596,1489855.179,12,7,4,Single match found,Single match found,DDA for other ion,[M+H]+1,401027.3516,470153.1424,391574.7926,798609.7447,448754.1893,1060242.696,457775.9761,354693.3111,447361.3921,32719.38664,273835.7975,1403418.24,239050.9272,659345.9455,1253225.028,525142.4746,415163.8102,367287.0207,244667.0207,597993.3064,374919.8542,324592.6752,408229.7309,684741.5383,1026800.817,879041.5234,496481.2769,470970.4628,718177.966,1182489.87,454932.3063,478083.9078,342282.1861,537558.693,384009.8145,442576.0724,1173055.087,947430.3042,472632.0276,1532694.166,497645.2785,1429137.111,95.24254336,62.59248943,38.31379054,36.03147935,15.7102488,45.00701657,7,7,,,,,,,,,,,2.5,2.5,1.7,,1,5,0.6,2.5,4.6,1.4,1.4,1,1.5,4.1,1.1,2.2,1.9,4.5,4.7,3.6,2.2,2.2,3.4,4.4,3.6,4.4,3.6,3.6,2.5,4,3.9,3.5,1.4,4.2,3.3,4.2,5.9,5.9,6.3,5.5,5.9,6.3,5.9,7,5.5,5.9,6.3,6.3
A,FALSE,URIDINE MONOPHOSPHATE,C9 H13 N2 O9 P,Full match,Partial match,Full match,0.59,324.03606,325.04332,1.495,27108279.48,12,13,4,Single match found,Single match found,DDA for preferred ion,[M+H]+1,1723477.767,9812763.815,2414988.586,11891406.92,2258627.81,11743002.87,1343705.836,1808119.13,2277446.503,37440.8373,2166819.743,1638836.404,13512127.6,5273964.016,9030423.471,27606244.36,6219808.862,10595104.16,1130313.776,2918960.882,2490898.632,2339078.541,1194506.804,3086334.494,11804620.22,15244341.03,11978193.62,14589042.5,8329310.704,9463965.475,1632986.882,2930023.338,1957376.99,2876255.664,2361291.449,2155964.17,13143117.14,21531464.37,12118351.26,10017069.68,11367654.47,8986116.82,52.68413324,68.01467284,38.47866463,22.89202797,22.10320454,34.97164012,9.4,9.4,,,,,,,,,,,3.1,3.9,5,,5,3.9,6.6,5.2,6.6,7,6,6.6,4,5.4,5.4,5.7,4.4,5.4,8,7.2,7.6,7.6,7.6,7.6,6,6.6,6,6.6,6.2,6.4,7.1,7.5,7.1,6.7,7.5,7.1,8.5,9.4,9,8.6,9,9.4,8.6,9,9.4,9,9.4,8.6
A,FALSE,UROCANATE,C6 H6 N2 O2,Full match,No results,Full match,0.06,138.04294,139.05021,1.983,4881012.076,12,7,4,Single match found,Single match found,No MS2,[M+H]+1,1242689.61,2780516.798,752823.5199,4019834.394,793248.9402,3151565.14,3336939.912,1324042.208,1644097.18,80830.88358,1161337.012,1148464.038,1779749.147,2814993.847,2746039.749,2816470.705,2947095.798,2681970.426,627117.1652,802076.1734,647583.7601,1119314.19,703570.8664,1154661.238,4224550.233,4359392.54,1731757.436,3201511.267,4677362.274,3815118.555,847043.2413,615634.6061,1269697.736,798392.4593,624969.7144,788105.421,3676862.285,4329016.9,2784543.226,2830624.454,2008050.393,3472505.825,73.43153406,16.2023811,28.06126312,29.34771487,28.93183748,25.53582568,9,9,,,,0.4,,0,,,,,6.4,4.2,5,1.5,4.2,4.2,5.4,6.7,7.9,6.7,6.7,6.4,3.1,4.1,3.1,4.9,1.6,4.9,6.6,1.7,6,6.2,7,6.2,4.5,1.2,4.9,3.7,2.4,3.1,6.6,7,6.2,6.2,6,6.2,8.3,8.3,9,8.6,9,8.3,8.6,8.3,8.3,8.6,8.3,8.6
A,FALSE,XANTHINE,C5 H4 N4 O2,Full match,Partial match,Full match,0.24,152.03346,153.04074,2.557,66089016.15,12,5,2,Single match found,Single match found,DDA for preferred ion,[M+H]+1,7003098.449,22063801.89,7402179.412,38807755.96,5621529.129,23876668.63,10100575.56,8025628.9,5980567.997,50104.414,5318266.237,13470329.78,11094483.59,13329364.73,27077685.14,34300181.57,25745232.06,18382371.72,9178392.139,11277315.48,6171739.414,8309397.603,6494961.221,4479320.082,25977421.44,48732282.9,42794977.58,34820534.33,63918380.86,28680654.9,5739059.341,4281929.73,17191296.73,5140453.601,5503998.917,10377251.42,19384697.77,4144679.918,28852329.76,29648374.97,28368639.48,4409697.917,63.88681801,41.1789377,31.74424059,34.70853519,61.8137511,63.22602759,10,10,,,,,,,,,,,6.6,6.2,6,,5.6,6.2,6.2,6.6,6.2,6.6,6.6,6.6,6.7,7.1,6.5,6.7,6.1,6.5,7.1,7.1,7.5,7.5,7.1,7.1,5.6,5.6,6.6,6,6,5.8,6.2,5.2,6.6,6.6,6.6,6,9.2,8.9,9.2,8.9,10,9.2,9.6,9.6,9.6,9.2,8.9,9.2
