Tags,Checked,Name,Formula,Annot. Source: Predicted Compositions,Annot. Source: Metabolika Search,Annot. Source: MassList Search,Annot. DeltaMass [ppm],Calc. MW,m/z,RT [min],Area (Max.),# Usable QC,RSD QC Areas [%],RSD Corr. QC Areas [%],Mass List Match: ASET Metabolomics ESI(-) IROA,Mass List Match: ASET Metabolomics ESI(+) IROA,MS2,Reference Ion,"Group Area: CCG, Sample","Group Area: CCL, Sample","Group Area: CEG, Sample","Group Area: CEL, Sample","Group Area: CSG, Sample","Group Area: CSL, Sample","Replicate Grouped Area: CCG, Sample,001","Replicate Grouped Area: CCG, Sample,002","Replicate Grouped Area: CCG, Sample,003","Replicate Grouped Area: CCG, Sample,004","Replicate Grouped Area: CCG, Sample,005","Replicate Grouped Area: CCG, Sample,006","Replicate Grouped Area: CCL, Sample,001","Replicate Grouped Area: CCL, Sample,002","Replicate Grouped Area: CCL, Sample,003","Replicate Grouped Area: CCL, Sample,004","Replicate Grouped Area: CCL, Sample,005","Replicate Grouped Area: CCL, Sample,006","Replicate Grouped Area: CEG, Sample,001","Replicate Grouped Area: CEG, Sample,002","Replicate Grouped Area: CEG, Sample,003","Replicate Grouped Area: CEG, Sample,004","Replicate Grouped Area: CEG, Sample,005","Replicate Grouped Area: CEG, Sample,006","Replicate Grouped Area: CEL, Sample,001","Replicate Grouped Area: CEL, Sample,002","Replicate Grouped Area: CEL, Sample,003","Replicate Grouped Area: CEL, Sample,004","Replicate Grouped Area: CEL, Sample,005","Replicate Grouped Area: CEL, Sample,006","Replicate Grouped Area: CSG, Sample,001","Replicate Grouped Area: CSG, Sample,002","Replicate Grouped Area: CSG, Sample,003","Replicate Grouped Area: CSG, Sample,004","Replicate Grouped Area: CSG, Sample,005","Replicate Grouped Area: CSG, Sample,006","Replicate Grouped Area: CSL, Sample,001","Replicate Grouped Area: CSL, Sample,002","Replicate Grouped Area: CSL, Sample,003","Replicate Grouped Area: CSL, Sample,004","Replicate Grouped Area: CSL, Sample,005","Replicate Grouped Area: CSL, Sample,006","Group CV [%]: CCG, Sample","Group CV [%]: CCL, Sample","Group CV [%]: CEG, Sample","Group CV [%]: CEL, Sample","Group CV [%]: CSG, Sample","Group CV [%]: CSL, Sample",Peak Rating (Max.),Peak Rating QC (Max.),Peak Rating: 20250421_Coho6ppdq2024_Reextract_neg_Blank_001.raw (F1),Peak Rating: 20250421_Coho6ppdq2024_Reextract_neg_Blank_002.raw (F2),Peak Rating: 20250421_Coho6ppdq2024_Reextract_neg_Blank_003.raw (F3),Peak Rating: 20250421_Coho6ppdq2024_Reextract_neg_Blank_004.raw (F4),Peak Rating: 20250421_Coho6ppdq2024_Reextract_neg_Blank_005.raw (F5),Peak Rating: 20250421_Coho6ppdq2024_Reextract_neg_Blank_006.raw (F6),Peak Rating: 20250421_Coho6ppdq2024_Reextract_neg_Blank_007.raw (F7),Peak Rating: 20250421_Coho6ppdq2024_Reextract_neg_Blank_008.raw (F8),Peak Rating: 20250421_Coho6ppdq2024_Reextract_neg_Blank_009.raw (F9),Peak Rating: 20250421_Coho6ppdq2024_Reextract_neg_Blank_010.raw (F10),Peak Rating: 20250421_Coho6ppdq2024_Reextract_neg_CCG_001.raw (F11),Peak Rating: 20250421_Coho6ppdq2024_Reextract_neg_CCG_002.raw (F12),Peak Rating: 20250421_Coho6ppdq2024_Reextract_neg_CCG_003.raw (F13),Peak Rating: 20250421_Coho6ppdq2024_Reextract_neg_CCG_004.raw (F14),Peak Rating: 20250421_Coho6ppdq2024_Reextract_neg_CCG_005.raw (F15),Peak Rating: 20250421_Coho6ppdq2024_Reextract_neg_CCG_006.raw (F16),Peak Rating: 20250421_Coho6ppdq2024_Reextract_neg_CCL_001.raw (F17),Peak Rating: 20250421_Coho6ppdq2024_Reextract_neg_CCL_002.raw (F18),Peak Rating: 20250421_Coho6ppdq2024_Reextract_neg_CCL_003.raw (F19),Peak Rating: 20250421_Coho6ppdq2024_Reextract_neg_CCL_004.raw (F20),Peak Rating: 20250421_Coho6ppdq2024_Reextract_neg_CCL_005.raw (F21),Peak Rating: 20250421_Coho6ppdq2024_Reextract_neg_CCL_006.raw (F22),Peak Rating: 20250421_Coho6ppdq2024_Reextract_neg_CEG_001.raw (F23),Peak Rating: 20250421_Coho6ppdq2024_Reextract_neg_CEG_002.raw (F24),Peak Rating: 20250421_Coho6ppdq2024_Reextract_neg_CEG_003.raw (F25),Peak Rating: 20250421_Coho6ppdq2024_Reextract_neg_CEG_004.raw (F26),Peak Rating: 20250421_Coho6ppdq2024_Reextract_neg_CEG_005.raw (F27),Peak Rating: 20250421_Coho6ppdq2024_Reextract_neg_CEG_006.raw (F28),Peak Rating: 20250421_Coho6ppdq2024_Reextract_neg_CEL_001.raw (F29),Peak Rating: 20250421_Coho6ppdq2024_Reextract_neg_CEL_002.raw (F30),Peak Rating: 20250421_Coho6ppdq2024_Reextract_neg_CEL_003.raw (F31),Peak Rating: 20250421_Coho6ppdq2024_Reextract_neg_CEL_004.raw (F32),Peak Rating: 20250421_Coho6ppdq2024_Reextract_neg_CEL_005.raw (F33),Peak Rating: 20250421_Coho6ppdq2024_Reextract_neg_CEL_006.raw (F34),Peak Rating: 20250421_Coho6ppdq2024_Reextract_neg_CSG_001.raw (F35),Peak Rating: 20250421_Coho6ppdq2024_Reextract_neg_CSG_002.raw (F36),Peak Rating: 20250421_Coho6ppdq2024_Reextract_neg_CSG_003.raw (F37),Peak Rating: 20250421_Coho6ppdq2024_Reextract_neg_CSG_004.raw (F38),Peak Rating: 20250421_Coho6ppdq2024_Reextract_neg_CSG_005.raw (F39),Peak Rating: 20250421_Coho6ppdq2024_Reextract_neg_CSG_006.raw (F40),Peak Rating: 20250421_Coho6ppdq2024_Reextract_neg_CSL_001.raw (F41),Peak Rating: 20250421_Coho6ppdq2024_Reextract_neg_CSL_002.raw (F42),Peak Rating: 20250421_Coho6ppdq2024_Reextract_neg_CSL_003.raw (F43),Peak Rating: 20250421_Coho6ppdq2024_Reextract_neg_CSL_004.raw (F44),Peak Rating: 20250421_Coho6ppdq2024_Reextract_neg_CSL_005.raw (F45),Peak Rating: 20250421_Coho6ppdq2024_Reextract_neg_CSL_006.raw (F46),Peak Rating: 20250421_Coho6ppdq2024_Reextract_neg_QC_001.raw (F48),Peak Rating: 20250421_Coho6ppdq2024_Reextract_neg_QC_002.raw (F49),Peak Rating: 20250421_Coho6ppdq2024_Reextract_neg_QC_003.raw (F50),Peak Rating: 20250421_Coho6ppdq2024_Reextract_neg_QC_004.raw (F51),Peak Rating: 20250421_Coho6ppdq2024_Reextract_neg_QC_005.raw (F52),Peak Rating: 20250421_Coho6ppdq2024_Reextract_neg_QC_006.raw (F53),Peak Rating: 20250421_Coho6ppdq2024_Reextract_neg_QC_007.raw (F54),Peak Rating: 20250421_Coho6ppdq2024_Reextract_neg_QC_008.raw (F55),Peak Rating: 20250421_Coho6ppdq2024_Reextract_neg_QC_009.raw (F56),Peak Rating: 20250421_Coho6ppdq2024_Reextract_neg_QC_010.raw (F57),Peak Rating: 20250421_Coho6ppdq2024_Reextract_neg_QC_011.raw (F58),Peak Rating: 20250421_Coho6ppdq2024_Reextract_neg_QC_012.raw (F59)
A,FALSE,1-AMINOCYCLOPROPANECARBOXYLATE,C4 H7 N O2,Full match,Partial match,Full match,-0.58,101.04762,146.04582,1.11,232039077.7,12,3,2,Single match found,Single match found,DDA for other ion,[M+FA-H]-1,98849991.83,202745852.1,108311115.9,187750712.6,114842256.6,207342727.2,101223178.7,95356085.38,96476804.94,646258.8691,104773993.1,116864129.4,218608812.5,188999445.1,209207200.1,196284504.1,159229277.1,227658047.7,104614512.4,129793833.1,122680687.3,101429063.8,112007719.4,95468209.88,234220828.2,211676762.5,152674679.5,162526502.9,163824662.8,216256523.9,105173203.1,113021185.6,117552937.1,114982088.8,120044615.2,114702424.5,211071414.1,182938592.3,158056223.1,222139756.2,203614040.2,219076688.3,49.44907956,12.23347946,11.84464674,18.13364415,4.448157035,12.35773042,10,10,,,,,,,,,,,6.6,6.6,7,4.6,7,7,9,8.6,8.6,8.6,9,9,9,9,9,9,9,8.6,8.1,8.5,8.1,8.5,8.5,8.1,10,9.6,10,9.6,9.6,10,9,9,9,9,8.6,8.6,9.2,10,10,10,9.6,10,9.6,10,9.6,9.6,9.6,10
A,FALSE,3-(2-HYDROXYPHENYL)PROPANOATE,C9 H10 O3,Full match,Partial match,Full match,-0.22,166.06296,165.05568,8.395,2649076.11,12,23,16,Single match found,No matches found,DDA for preferred ion,[M-H]-1,1703465.587,500098.6988,1364500.335,181402.1134,1473779.333,329809.1487,2064282.464,1996560.445,3013080.167,291259.3601,896161.5631,1410370.729,2187489.884,936818.0302,515272.3152,484925.0824,215312.2665,262133.2764,1807660.974,944499.6591,1496099.246,1232901.424,2606791.172,1158198.55,171940.8213,184438.8446,536379.8951,178365.3821,80532.53223,451629.3209,1553615.36,1103056.663,1673618.754,1006425.312,1708138.094,1393943.306,424289.7851,235328.5123,199712.4939,490514.2736,204573.2131,462695.9238,59.58680548,96.67113826,39.0032975,68.00967629,21.00227942,40.72053786,6.7,6.7,,0.5,,,,,,,,0.2,4.1,4.1,3.6,,4.5,3.7,1.8,2.2,2.3,1.2,,1.6,4.2,4.6,4.6,4.6,4.8,4.2,0.6,,2,,0.2,1.2,4.7,5.1,5.5,4.7,5.1,5.1,2,,0.6,2.7,0.6,0.8,4.8,5.6,5.2,6.7,6.4,6,4.6,6.7,6,5.2,6.7,5.2
A,FALSE,3-DEHYDROSHIKIMATE,C7 H8 O5,Full match,Partial match,Full match,-0.42,172.0371,171.02983,1.533,2942241.35,12,6,4,Single match found,Single match found,DDA for preferred ion,[M-H]-1,105249.95,1644911.219,123097.057,2136740.76,440294.4061,2077126.688,95953.86269,26586.01222,114546.0373,72990.72597,855435.012,1167453.159,817058.8986,2138288.376,2065268.155,1444949.403,1760869.947,1528952.492,69949.74702,2915577.411,141269.8495,494947.0672,31895.18901,104924.2645,2823883.356,2113261.371,1791591.77,2160220.149,1505482.266,2250647.824,33207.2465,778952.5445,90180.19758,1483003.386,101636.2676,951786.7502,2424650.393,2447084.676,1189701.473,2538063.728,1729602.983,1248189.049,126.8286195,29.75404552,181.0011832,21.20650019,103.5388658,32.23920679,9.8,9.8,,,,,,,,,,,,,,,5.6,4.8,6.2,7.4,5.9,7,6.6,7,0.2,6.6,1.4,3.1,,,6.8,7,7.8,7.4,6.2,6.6,,6,,6,,5.6,6.5,6.7,5.4,7.1,6.1,6.1,9.8,9.4,9,9,9,9.8,7.9,9.4,8.6,9.4,9.4,8.3
A,FALSE,3-METHYL-L-HISTIDINE,C7 H11 N3 O2,Full match,No results,Full match,-0.73,169.085,168.07773,1.017,1301229.151,12,6,6,Single match found,Multiple matches found,No MS2,[M-H]-1,964569.713,44431.0132,671590.3801,54676.89317,499613.2975,65666.8184,1329543.462,1104648.731,1024826.116,9462.090766,580087.7643,904313.3099,44874.01262,40765.45627,39007.84957,43988.01378,69697.98646,59815.77173,1079923.449,577101.9567,409248.4459,657924.4474,820324.1888,685256.3129,61293.66751,51535.04307,54929.22558,100019.9899,54424.56077,43734.59865,583842.6261,483249.9215,643690.0936,369507.4761,515976.6736,455292.642,41269.97076,41092.55429,66530.57459,68905.0555,64803.06221,112644.8045,56.92550246,24.68493748,32.36575409,32.71385192,19.02172328,39.68889413,8.7,8.7,,,,,,,,,,,5.6,5.6,6,,5,4.8,,,,2.8,2.8,2.4,6.9,5.1,4.4,6.3,6.5,5.1,,,,3.4,,,6.1,5.8,7.3,5.8,6.1,7.3,,,,2.2,,3,6.8,6.4,7.9,6.4,7.1,7.1,6.8,6.8,7.5,7.5,8.7,8.3
A,FALSE,3-NITRO-L-TYROSINE,C9 H10 N2 O5,Full match,No results,Full match,-0.2,226.05893,225.05165,7,367951.6202,12,5,5,Single match found,Single match found,No MS2,[M-H]-1,16379.3803,240666.6319,18192.28538,254594.5703,17201.4263,310551.6466,16035.63319,15691.45086,16723.12741,13982.64775,17205.47527,16898.04132,225330.9194,185106.2843,256002.3445,302626.0691,195656.9058,312105.7203,18597.43482,17873.47542,18010.23923,18625.51703,18374.33152,17532.19621,284942.6624,335354.6182,238680.5,270508.6407,217407.7359,201528.0875,16869.20057,16025.80339,16998.44948,17404.40311,17825.29391,17744.7027,279588.3615,152856.5121,326622.1317,294481.1615,369231.2293,326867.9618,7.301713857,21.76221427,2.401859564,19.04323721,3.90389869,25.61607282,6.4,6.2,,,,,,,,,,,,,,,,,5,3.1,4.9,5.3,3.5,5.3,,,,,,,5.4,5.4,4.6,5.8,4.8,4.8,,,,,,,4.9,3.1,5.3,4.9,6.4,5.3,4.3,4.6,5.4,4.3,5.8,4.6,4.3,4.3,5,3.5,5.4,6.2
A,FALSE,3-PHOSPHOGLYCERATE,C3 H7 O7 P,Full match,Partial match,Full match,-0.6,185.99283,184.98555,1.129,21917101.29,12,24,25,Single match found,No matches found,DDA for preferred ion,[M-H]-1,12978778.15,1444298.162,16822094.01,1238636.928,14958275.49,2925415.236,21050082.84,11523619.41,12613545.31,82849.84011,13344010.99,14389448.27,2704055.287,1813900.903,4677079.85,755961.3501,828532.5893,1074695.42,14044286.43,20158173.71,17474354.97,19376108.21,16169833.04,11902991.07,921006.0393,1355085.778,2149685.223,1122188.079,856154.2685,4430598.802,15478197.4,12602356.32,19780636.16,14075716.94,18905588.29,14438353.58,1453716.908,3759290.95,2373432.035,3477398.438,2243702.689,6164184.93,55.96906936,76.66004361,19.1166814,75.78019465,17.94579928,51.21243291,7.7,6.8,,,,,,,,,,,5.8,5.5,6.2,,5.8,6.2,3.6,3,3.9,2.2,0.7,2.6,7,7.7,7,7.7,7,6.6,2.6,2.6,2.6,2.6,2.2,4.7,7,6.6,7.3,7.3,7,7.3,3.3,3.9,3.3,3.6,3.3,4.3,6.5,6.5,6.1,6.5,6.5,5.7,5.7,3.4,6.5,6.1,6.1,6.8
A,FALSE,3-SULFINOALANINE,C3 H7 N O4 S,Full match,Partial match,Full match,-0.34,153.00953,152.00225,1.193,11391672.6,12,13,4,Single match found,Single match found,DDA for preferred ion,[M-H]-1,7692613.428,1926094.51,7695881.561,1512068.453,6394641.164,1932689.685,11530641.55,8786029.002,12420712.33,28976.04354,6599197.854,5619755.858,2050122.033,1582495.142,2241106.783,1841492.586,1446031.117,2010696.435,10660192.4,3629086.48,6486788.722,6494970.377,11478865.11,8896792.745,1554441.751,1573090.509,1417799.163,2571498.95,1067874.697,1469695.156,12016163.94,5687483.168,7101799.16,4059839.94,8926930.483,5391446.454,1348172.037,1982954.748,2123791.93,1533233.053,2068231.16,1882424.621,60.32300406,16.16176692,37.19530055,31.43783947,40.07996808,17.15617742,10,10,,,,,,,1.4,,,,7,6.6,7,,6.6,6.6,6.7,6,6.7,6.7,6,6.7,7.1,6.7,6.7,7.5,7.5,7.5,5,5.4,5,7.1,4.2,4.6,6.6,7,7,6.6,7,7,6,7.1,5.6,6,5.6,6.7,9.6,9.6,10,9.6,9.6,9.6,9.6,9.6,9.6,9.6,10,9.6
A,FALSE,5-HYDROXYTRYPTOPHAN,C11 H12 N2 O3,Full match,No results,Full match,-0.92,220.08459,265.0829,6.899,706658.3451,12,5,5,Single match found,Single match found,No MS2,[M+FA-H]-1,11756.2911,322065.5359,13015.27622,410861.4428,11867.2052,379079.1412,11426.13811,11789.51637,12044.7742,11723.06583,11477.0231,11960.1599,284135.9885,236478.0273,371561.6711,448614.1139,359995.0833,274770.5756,13251.86184,12841.27166,12750.92102,12498.15323,13508.3197,13189.28078,258383.9893,415665.8262,470121.6033,406057.0594,455616.1421,389710.7911,11564.60039,11723.62382,11871.50201,11862.90839,12738.12772,12012.58495,390561.9059,294582.1372,654810.8599,710325.2421,286635.4697,367596.3765,2.12732879,23.75690309,2.869470488,18.89300056,3.421724901,41.01304413,7.8,7.8,,,,,,,,,,,,,,,,,5.3,4.6,6.4,5.6,6,6,,,,,,,6.5,5.4,6.9,6.5,5.4,5.8,,,,,,,5.4,4.6,5.4,5.4,4.6,3.9,5.2,7,7.4,6.3,7,6.7,5.2,5.5,7.8,7,6.7,5.2
A,FALSE,ADENINE,C5 H5 N5,Full match,Partial match,Full match,-0.17,135.05447,134.0472,1.751,6738575.019,12,4,4,Single match found,Single match found,DDA for preferred ion,[M-H]-1,93211.85224,845697.0193,65386.40598,1190629.843,77933.86248,1542565.176,109915.2924,110837.8778,95192.1878,37738.45118,91231.51667,90666.42385,788141.9805,530283.0235,6751285.372,1052085.306,288961.0546,903252.0582,100888.7187,38270.15546,34074.64196,63060.52982,80111.1669,67712.28215,3756865.593,1499232.38,369408.5206,882027.3057,768367.0633,2250341.92,89586.48188,66281.24308,156810.2235,44032.24412,100196.8399,34561.34674,784938.0509,5937804.875,477912.0834,2300192.301,463823.7771,6387024.427,30.00909315,144.2854512,39.47041863,78.69568875,54.39007843,100.9425354,10,10,,,,,,0,,,,,,2.2,1.1,,0.7,3,3.7,2,6.6,3.3,2,4.1,1.9,,,,,,6.2,5.2,3.1,4.5,3.3,5.2,,0.2,1.7,1.7,,,3.3,7,3.5,4.8,3.9,6.6,10,9.6,9.2,9.6,9.6,9.2,9.6,9.2,10,9.6,9.2,9.2
A,FALSE,ADENOSINE DIPHOSPHATE RIBOSE,C15 H23 N5 O14 P2,Full match,Partial match,Full match,-0.38,559.07146,558.06419,1.423,161773595.7,12,2,2,Single match found,Single match found,DDA for preferred ion,[M-H]-1,2344902.504,100307680.3,6361251.684,76680540.81,8180007.7,92221574.3,1103683.493,2094154.568,6182587.316,37224.81624,13664406.22,2595650.44,87694499.56,104096769.9,146382346.2,45968020.84,109737131.5,96518590.75,1647128.818,6557375.863,7852596.119,6165127.505,2667182.293,7159574.352,84192726.8,69168354.83,60190855.08,84546375.51,86492886.63,66358017.39,5838369.225,11431152.1,3906005.031,10298124.65,8209091.108,8150924.292,67827542.3,161930061.4,74200051.08,48839276.62,110243097.5,118377798.3,117.9454219,33.18240187,47.78020048,15.0011037,34.82908056,42.64523525,10,10,,,,,,,,,,,4.5,5.2,6.6,,6.6,5.8,7.1,7.1,7.1,6.7,7.1,7.1,4.1,6.6,6.6,6.6,5.5,6.2,8.1,8.1,8.1,8.1,8.1,8.1,6.3,7.1,6.3,7.1,7.1,7.1,6.6,6.6,6.2,6.6,6.6,6.2,9.6,9.6,9.6,10,9.6,9.2,9.6,10,9.6,9.6,9.6,9.6
A,FALSE,ALLANTOIN,C4 H6 N4 O3,Full match,Partial match,Full match,-0.48,158.04391,157.03664,1.182,2789867.525,12,4,4,Single match found,Single match found,No MS2,[M-H]-1,84060.87496,962141.5037,83227.47994,1332897.234,120977.3449,1511548.809,88437.8662,131109.9033,48255.73145,21173.93865,126227.8162,79683.88372,1098743.064,821993.1719,825539.9433,2496210.912,1446840.705,722305.1246,66811.9253,99643.03458,114882.4725,48201.96394,51825.39456,163406.1908,616794.4503,2814789.018,1260416.03,1018457.181,2170017.415,1405378.438,53166.98184,127279.3741,212218.7321,114675.3157,87728.92642,156976.4094,1883522.066,780725.5786,1779264.32,537028.5643,2606590.349,1243833.297,52.15202054,54.36798752,48.85677058,52.03177745,44.11873435,52.23334069,7.7,7.7,,,,,,,,,,,0.6,1,,,2.9,0.2,4.5,4.8,3,6.6,4.5,4.6,1,0.6,1.7,,,1,3.5,5.1,4.5,4.1,5.2,4.1,0.2,1.4,1.7,0.2,,2.1,5.6,3.7,4.8,3.1,5.5,4.5,6,5.8,6.1,6.9,7.3,7.7,6.5,6.9,6.1,7.5,6,6.5
A,FALSE,ALPHA-HYDROXYISOBUTYRATE,C4 H8 O3,Full match,No results,Full match,-0.53,104.04729,149.0455,1.243,3971814.117,12,22,20,Single match found,No matches found,No MS2,[M+FA-H]-1,449745.7419,1233671.585,482047.9458,1582264.693,523456.1749,1450751.399,434046.023,416498.7659,544841.1089,23088.66053,465445.4608,470625.4969,1139271.041,1270348.368,1387105.624,1303478.826,1196994.802,462106.9129,481799.2716,482296.62,432651.7045,3992263.952,535885.8749,432973.523,1590678.225,1705077.016,1396490.398,1311759.784,2019432.554,1573851.161,450564.3284,507256.175,815456.7935,539656.1748,488555.4218,556804.6547,1480004.883,1458024.395,1443478.403,1691042.351,446401.6899,1409802.25,47.45507416,29.87833756,135.6298683,15.62273163,23.36914445,33.31024065,7,5.1,,,,,,,,,,,2.7,3.1,2.3,,2.7,3.1,2.4,3.6,,3.2,4.3,2.2,2.7,2.3,2.7,7,3.5,2.3,4.1,4.8,4.8,4.1,5.2,4.5,3,3,4,3.7,3,4.9,3.5,2.7,3.5,3.5,2.1,,4.3,2.8,5.1,3.6,4,3.6,4,4,4,2.4,4,4
A,FALSE,ANSERINE,C10 H16 N4 O3,Full match,No results,Full match,-0.44,240.12213,239.11486,1.066,10623843.22,12,2,2,Single match found,Single match found,No MS2,[M-H]-1,4722059.037,223580.7639,6145531.079,236516.0611,6866568.757,239213.5616,3652546.291,5764540.209,5179861.956,70116.75495,4264256.117,5794006.276,214750.643,199900.0556,232410.8847,237760.9084,197418.423,232532.2724,2373830.348,8755273.697,8769189.701,4500288.787,3562491.731,7790773.371,237743.5486,265592.3445,228506.7238,223666.369,253537.2096,235288.5735,5591210.038,8141927.476,5069284.423,10593782.58,5315454.555,8746445.695,224267.2906,215781.374,262022.173,242608.5489,239142.8138,239284.3095,52.35179974,8.069766539,47.34659633,6.597835144,31.1578645,6.744547598,7.9,7.9,,,,,,,,,,,5.8,5.5,4.7,1.7,5.8,5.5,,,,,,,4.5,6.2,5.5,6.2,4.3,5.5,,,,,,,6.3,6.7,6.3,6,6.3,6.3,,,,,,,7.5,7.9,7.5,7.5,7.5,7.5,7.1,7.5,7.1,7.1,7.5,6.7
A,FALSE,ASCORBATE,C6 H8 O6,Full match,Partial match,Full match,-0.85,176.03194,175.02466,1.515,145155887.3,12,6,5,Single match found,Single match found,DDA for preferred ion,[M-H]-1,3754608.564,85586693.97,6458318.658,81865020.14,5661286.365,93777083.49,8031022.122,1593458.506,3302489.099,26381.46121,7530787.861,4206728.029,83298406.98,105186601.7,87874980.96,98154614.55,44360356.91,50594617.19,4217724.631,3576137.359,9622507.39,7189522.843,5727114.472,9356689.533,94903531.59,108298329.2,68826508.69,53657318.66,148349456.5,27676861.74,8356046.728,7630059.745,3109579.943,2337621.001,12612051.13,3692512.985,101827703,108481130,80602184.51,85726464.01,75347710.02,114563806.4,77.41631812,32.09493766,38.63757183,51.22184969,63.00395159,17.00168215,9,9,,,,,,,,,,,7,6,7,,7,6.6,7.5,7.5,7.5,7.5,7.1,7.5,7.1,7.1,7.1,7.1,7.5,7.5,6.6,7,7,7,7,7,6.6,6.6,6.6,5.6,7,6.6,8.5,8.5,8.5,8.5,8.5,8.5,9,8.3,9,8.6,9,8.3,9,8.3,8.3,8.3,8.6,8.3
A,FALSE,ASPARAGINE,C4 H8 N2 O3,Full match,Partial match,Full match,-0.43,132.05343,131.04616,1.025,5687340.029,12,4,4,Single match found,Single match found,No MS2,[M-H]-1,2603325.686,3090984.84,3152301.742,1645420.64,3779729.729,3034374.542,3089781.338,2284022.961,4521424.68,19366.55358,2922628.412,1739954.225,2473728.233,3708241.446,2235824.781,5699672.511,892898.1045,4301398.907,2432251.748,3872351.735,4762840.84,1912837.618,5049337.502,2362272.38,1776209.037,2927410.251,1514632.243,1446927.347,2173557.155,978385.5816,4948274.803,3814546.093,3210796.359,3744913.364,4393106.625,3110100.985,2904398.585,5491696.844,936208.5445,3216856.012,1382616.446,3164350.499,62.04329802,52.9042745,39.53230224,37.55662824,18.1492683,56.65691193,10,10,,,,,,,,,,,6.6,5.2,6.6,1.9,5.8,4.8,6.2,5.8,6,6.6,4.8,6.6,6.1,7.5,7.1,6.5,7.1,5.4,6.1,6,6.1,5.4,6.5,6.5,8.1,7.3,7.3,8.5,8.1,8.1,5.8,7,4.8,5.5,4.8,5.8,10,10,9.2,9.6,9.6,8.9,9.2,8.1,8.9,8.9,9.6,8.9
A,FALSE,ASPARTATE,C4 H7 N O4,Full match,Partial match,Full match,-0.4,133.03745,132.03018,1.053,38058709.65,12,2,2,Single match found,Single match found,DDA for preferred ion,[M-H]-1,14750978.43,24737785.87,19125853.96,16783308.51,18203983.4,16454258.72,20543721.57,13259936.52,16242020.34,114642.3048,20554466.18,12965525.51,18414241.71,23974974.15,38074521.87,33572222.65,10821777.47,25500597.59,17583955.54,21238823.68,28249123.08,19034462.18,15456570.14,19217245.74,7466741.913,27118452.91,19364029.99,19545707.47,13233900.44,14202587.03,20554567.57,18028622.14,15256598.38,18379344.65,22951539.76,14869208.6,22046307.65,15011983.68,16087666.15,14868777.86,17359001.42,16820851.29,54.15353348,39.50764849,21.93748457,40.06822786,16.86296578,15.52174496,9.6,9.6,,,,,,,,,,,6.2,6.2,4.7,1.4,6.6,5.8,6.7,6.7,7.1,6.7,4.8,7.1,7.2,6.5,7.6,7.6,7.2,8,6.6,5.8,5.8,5.8,5.5,6.2,7.7,7.7,8.1,7.7,7.3,6.6,7.3,7.7,6.6,7.3,7.3,8.1,8.5,8.9,9.2,9.2,9.6,9.2,9.6,9.2,9.6,9.2,9.6,8.9
A,FALSE,CARNOSINE,C9 H14 N4 O3,Full match,No results,Full match,-0.56,226.10646,225.09919,1.02,9330220.653,12,3,3,Single match found,Single match found,DDA for preferred ion,[M-H]-1,5775833.45,406913.8507,6789955.499,673423.6053,7333151.332,400786.5525,5802320.695,5749346.205,4735874.365,33566.00138,7716949.001,9303820.801,523512.1319,311825.707,502001.9944,264659.0456,651346.8589,225875.6402,4630381.424,7341852.99,6313274.975,7797163.777,5919522.345,7266636.022,596247.1956,409403.6474,861465.4948,765624.5063,750600.0151,333036.547,6721772.174,7211719.232,8063159.445,7454583.431,6879343.63,7579328.985,423713.0914,506345.0075,377860.0135,294131.328,655898.6625,349582.7197,56.89718997,41.0992284,17.86348743,34.15898101,6.698071893,29.89880018,10,10,,,,,,,,,,,7,7,7,,7,7,5.8,6.1,6.5,5.8,6.5,5.5,8.5,8.5,8.5,8.5,8.5,8.5,6.3,7,7.2,7.2,6.9,7,9.5,9.5,9.5,9.5,9.5,9.5,7.1,7.1,6.8,6,7.5,7.1,10,10,10,10,10,10,10,10,10,10,10,10
A,FALSE,CDP-ETHANOLAMINE,C11 H20 N4 O11 P2,Full match,Partial match,Full match,-0.26,446.06027,445.05299,1.191,9048750.919,12,3,3,Single match found,Single match found,DDA for preferred ion,[M-H]-1,2357072.671,7390329.825,2761749.313,5628026.273,2754266.289,7084667.652,2008104.327,3093858.098,2202714.757,23458.84198,2511430.584,4058491.375,9025236.552,9054814.087,8829552.728,4060979.451,5397206.945,5951106.922,2589271.543,2811104.604,2318591.022,2712394.022,2881134.2,3315745.092,5768342.263,7407389.459,5487710.283,5229441.242,6841114.557,5477205.179,2614331.794,2531332.633,3207273.659,2794795.697,2916490.492,2713736.88,6887911.811,8884550.901,5406384.444,6475180.719,7281423.493,8769471.521,58.05855665,31.03741103,11.98503195,14.56598714,8.664019066,18.52566123,10,10,,,,,,,,,,,6,6.2,5.6,,6.2,5.8,7.5,7.5,6.7,6.7,6.7,6.7,8.2,8.6,8,7.1,7.9,7.9,8.2,8.2,8.6,8.2,8.2,7.9,8.4,8.7,8.7,8.7,7.6,8.4,8.1,8.1,7.7,8.1,8.1,7,9.2,9.6,10,9.2,9.6,9.6,8.5,9.6,8.5,9.6,9.2,8.9
A,FALSE,CREATINE,C4 H9 N3 O2,Full match,No results,Full match,-0.23,131.06945,130.06217,1.244,14720499.95,12,5,4,Single match found,Single match found,DDA for preferred ion,[M-H]-1,6495589.344,1727912.173,7791980.651,1910591.245,8563619.569,2048470.372,6024190.793,7280036.929,7587699.022,18674.18196,4090839.629,6966987.896,1337850.201,1856730.065,1751721.424,1704102.922,1648478.571,1978385.668,3711947.049,12503953.2,11104039.41,6536018.451,4083783.338,9047942.85,2193049.758,1897453.469,1729735.103,2104338.857,1923729.021,1676397.433,5810225.288,9883148.417,7083163.996,14554336.94,7244090.72,11435192.01,1419079.298,1559255.038,2637183.028,1759575.415,2447175.261,2337365.33,54.27130687,12.72568891,46.643955,10.53143846,35.14544958,25.20936224,10,10,,,,,,,,,,,6.2,6.6,6.6,,6.6,7,8.4,7.2,8,7.6,7.6,7.6,6.6,6.6,6.6,6.6,6.6,6.6,8,7.6,8.4,8.4,7.2,8.4,7.1,7.1,7.5,7.5,7.1,7.1,6.2,6.2,7.2,6.2,7.6,7,9.6,9.6,9.6,8.9,9.6,10,9.2,9.6,9.2,9.6,9.6,9.6
A,FALSE,CYSTATHIONINE,C7 H14 N2 O4 S,Full match,Partial match,Full match,-0.64,222.06729,221.06001,1.024,10788442.84,12,3,3,Single match found,Single match found,DDA for preferred ion,[M-H]-1,2003527.598,4198618.602,2664212.269,7656864.189,2588633.427,5796438.677,1855696.436,1337352.817,3724215.557,14364.22103,3583505.57,2151358.759,3548748.467,4231983.3,4165253.904,7968726.576,3676300.591,4945280.607,2652983.486,2850134.572,2555103.223,4155367.526,2547363.37,2675441.052,10801611.33,7245480.333,8068248.044,9741149.037,7042737.907,6380018.379,3206568.875,2598198.755,2579068.099,2312294.945,2954323.973,2441257.737,10778176.11,3005602.895,8245261.813,4081514.743,6445651.1,5147226.254,66.42473663,34.68211074,21.39545085,20.89264527,12.49606661,45.5483501,10,10,,,,,,,,,,,6,5.2,6.6,,6.6,6.4,7.5,7.5,7.5,7.5,7.1,7.5,8,7.6,8,8,8,8,8,8,8,8,8,7.6,9,8.6,8.6,8,8.6,8.4,7,6.6,7,7,7,7,10,10,10,10,10,10,10,9.6,10,10,10,10
A,FALSE,CYTIDINE,C9 H13 N3 O5,Full match,Partial match,Full match,-0.43,243.08542,242.07814,1.705,13557363.49,12,3,2,Single match found,Single match found,DDA for preferred ion,[M-H]-1,6639800.365,7039117.883,6922746.146,7552049.81,5784534.37,4274732.345,7816708.813,6758891.048,4808148.791,26348.38784,6520709.682,7137108.667,10606967.1,7697077.511,2436447.191,5051977.014,6381158.255,8188590.284,6775442.117,6170869.244,5306354.877,7930722.143,8845506.57,7070050.175,1342649.61,8941338.695,8160180.167,6943919.453,13746466.81,4092595.781,6386077.942,5814827.019,5754241.72,5367940.661,7279725.659,5599557.166,9767032.942,147731.9024,4162234.956,4387229.734,5187196.371,2655412.331,52.02921526,41.76385207,17.89393476,59.16286084,11.56461756,72.55974801,10,10,,,,,,,,,,,6.6,7,5.8,,6.6,7,6.6,6.6,5.6,5.8,6.2,6.2,7.7,8.1,7.3,7.7,7.3,7.7,4.1,5.5,6.6,5.8,7,5.1,8.2,8.2,8.6,8.2,8.6,7.9,6.6,0.6,5.8,5.8,5.8,5.5,9.2,10,9.2,10,10,10,10,9.2,9.2,10,9.6,9.6
A,FALSE,CYTIDINE MONOPHOSPHATE,C9 H14 N3 O8 P,Full match,Partial match,Full match,-0.31,323.05175,322.04447,1.351,41553214.44,12,4,3,Single match found,Single match found,DDA for preferred ion,[M-H]-1,10279719.45,21936920.48,10433001.19,24580244.78,11393527.66,25232054.36,8171499.686,10720225.85,10529936.72,30475.21389,10029502.18,12603693.64,32001983.94,20411820.09,23209322.55,20664518.41,18829380.45,29417393.65,8855566.574,12787514.81,9477520.482,10554584.41,10311417.96,12538560.61,22380675.49,26917036.45,30006416.49,24128347.97,25032141.59,15048148.55,9059001.179,11461389.95,12284703.14,11325665.37,12250086.29,10783175.77,23306004.42,41913452.81,24751849.74,18749366.56,25712258.98,27049419.36,51.48460383,22.33156209,14.8714835,21.18531465,10.66088792,29.29419686,10,10,,,,,,,,,,,6.2,6.6,6.6,,6.6,6.6,7.6,7.6,7.2,7.6,7.6,7.6,8.2,9,8.6,8.6,8.6,9,8,7.6,7.6,7.6,7.6,7.6,8.2,9,8.6,8.6,8.6,8.6,7.6,8,7.6,7.2,7.6,7.6,9.6,9.6,10,9.6,9.6,10,9.6,9.6,9.6,9.6,9.6,9.6
A,FALSE,D-RIBOSE 5-PHOSPHATE,C5 H11 O8 P,Full match,Partial match,Full match,-0.53,230.01903,229.01175,1.09,45297416.8,12,12,11,Single match found,Single match found,DDA for preferred ion,[M-H]-1,14377224.42,19026568.32,15492347.58,23705957.12,15475943.26,25677191.17,13013837.2,14153085.49,19011178.3,77246.033,15551262.07,14601363.34,16357217.61,18529460.09,29987138.86,19523676.55,16053640.99,20264534.77,14729063.12,16255632.05,14320571.12,14239738.31,17272804.49,20457556.64,25216678.39,31623142.42,22195235.84,21739396.16,20334498.52,43713521.12,18795439.09,12670196.39,16615709.21,14742438.21,13824680.52,16209448.31,21915721.19,24650200.41,26143105.12,31728462.73,26342441.35,25211277.22,51.26630825,25.4374068,14.80805984,32.46821352,14.1543578,12.41351908,9,8.6,,,,,,,,,,,5.8,5.8,6.6,0.2,6.2,5.8,7.6,7.6,7.2,7.2,7.6,8,8.6,9,8.6,8.2,8.6,8.2,6.7,7.1,7.1,7.1,7.5,6.7,8.6,8.2,8.6,8.6,8.2,8.2,8.6,8.6,8.2,8.6,8.6,8.2,6.7,8.2,8.2,8.2,7.9,8.2,7.9,8.6,7.9,8.6,8.2,8.2
A,FALSE,DEOXYADENOSINE MONOPHOSPHATE,C10 H14 N5 O6 P,Full match,No results,Full match,-0.1,331.06814,330.06086,2.468,1100760.021,12,4,4,Single match found,Single match found,No MS2,[M-H]-1,31937.65645,655722.5567,35676.79105,923652.7846,31423.54366,546972.1052,57487.91697,31086.16027,32498.93966,32508.36665,29991.68092,31376.37324,689606.4289,524269.8188,539669.8457,691361.2903,645562.3019,665882.8115,30877.06221,50819.14127,33078.83354,38274.74856,32613.17182,40649.58246,916930.6964,1107786.931,559039.2218,741024.9474,930374.8728,1040691.606,30325.94588,32636.55317,31400.65796,31675.09921,31446.42935,30789.27993,311754.5244,255592.1746,514370.9481,795463.6644,579573.2624,805326.124,29.74119902,11.97291127,19.65910076,22.87902,2.521768711,42.80395613,6.9,6.9,,,,,,,,,,,,,,,,,5.9,5.9,5.5,4.7,4.7,5.1,,,,,,,5.5,5.5,4.5,5.3,4.3,5.5,,,,,,,2,2.3,3.5,3,2.7,4.1,6.1,5,6.1,5.4,5,6.9,5.4,4.2,5,5.8,5.4,4.2
A,FALSE,DEOXYCYTIDINE,C9 H13 N3 O4,Full match,Partial match,Full match,-0.69,227.09045,226.08319,2.06,544966.5947,12,6,5,Single match found,Single match found,No MS2,[M-H]-1,322076.6111,93590.21949,406470.0809,104023.7699,337709.4132,41354.40197,328392.9242,370680.8318,280549.9118,26232.76152,315760.2979,398827.1172,152568.0045,105315.0644,28253.18788,56149.37708,101866.7863,85313.65268,343841.4261,447742.7202,365197.4415,296057.3367,543891.9235,519529.642,29733.75649,137913.4076,123712.9104,49031.33735,175093.5143,84334.62932,333356.5723,348517.4877,342062.254,424402.1944,321782.4519,318891.6908,66920.46882,28418.59053,56731.40669,50245.63641,32463.16753,30291.52831,46.81249535,48.74711716,23.88967508,55.54924135,11.21377994,36.35870373,6.3,5,,,,,,,,,,,2.7,3.1,3.1,,,3.5,1.4,1,,,0.6,,4.5,4.9,3.4,3.7,4.9,4.1,,0.2,1,0.2,1,,4.4,5.5,5.1,4.7,5.1,6.3,,,,1.9,,,3.5,3.9,5,4.3,4.3,5,4.3,3.1,4.6,4.3,4.3,3.9
A,FALSE,DEOXYCYTIDINE MONOPHOSPHATE,C9 H14 N3 O7 P,No results,Partial match,Full match,-0.21,307.05687,306.04959,1.615,874501.3336,12,5,3,Single match found,Single match found,No MS2,[M-H]-1,49867.13431,570968.4721,90880.45357,688889.5872,68348.33584,563631.337,104772.3544,103521.7603,21274.83744,19447.56102,77525.94066,22208.32796,611254.5874,521321.0988,603502.1334,528942.6386,538434.8109,786290.2292,57571.62922,119052.3967,111194.6161,70566.29104,36389.3731,144164.4351,680616.7472,757098.1242,897481.0763,697162.4272,560973.3077,523392.7192,32768.08701,114329.6655,24127.77554,123621.2725,66828.66066,69868.01103,276203.0064,236367.4232,638448.1039,488814.5701,757450.3554,777402.7303,71.99988634,16.69006453,45.9840211,19.77066637,56.71128607,44.48634579,7.3,7.3,,,,,,,,,,,2.5,1.4,,,1.4,,6.1,5.4,4.6,4.6,5.8,6,0.6,1,1,1,4.8,0.6,6.1,6.7,6,7.3,5.8,5.4,0.4,1.7,,1,0.6,1,2.7,2.9,4.2,4.2,4.1,4.5,6.9,7.3,6.9,6.1,5.8,6.5,5.8,6.1,6.5,5.8,7.3,7.3
A,FALSE,DEOXYGUANOSINE,C10 H13 N5 O4,Full match,Partial match,Full match,-0.21,267.0967,266.08942,6.565,2047207.885,12,4,3,Single match found,Single match found,DDA for preferred ion,[M-H]-1,1249775.182,41557.05867,1768415.467,45620.458,1541233.817,31999.92583,1231082.902,1726388.951,864846.4778,16011.0413,1268467.462,1405831.426,45790.72655,37323.39079,55907.04397,20693.42977,28236.54185,72944.96385,1357396.285,1980529.47,1755299.603,1781531.33,2044076.921,1500695.822,28195.73336,49623.11348,60279.23031,41617.80252,30140.00414,68126.55419,1186410.876,877832.9046,1507177.403,1575290.231,1861871.366,1741112.512,17658.44762,17031.58824,48437.20918,45174.55592,18825.29574,56368.65942,54.66760675,43.84598698,15.36231768,34.71871389,25.09828332,53.05373602,9.4,9.4,,,,,,,,,,,5.6,6.4,5.6,,6.4,6.4,1,,2.1,,,1.4,7.9,7.5,7.9,7.9,7.9,7.9,,1.1,1.5,0.7,,3,6.6,6.6,7.4,7.4,7.4,7.4,,,1.7,0.6,,0.2,9,9,9.4,8.6,8.6,9,8.6,9,9,8.3,9,8.6
A,FALSE,DEOXYURIDINE-MONOPHOSPHATE,C9 H13 N2 O8 P,No match,Partial match,Full match,3.25,308.04195,307.03468,1.702,1006237.134,12,6,4,Single match found,Single match found,No MS2,[M-H]-1,433018.0194,691228.586,503470.6645,608257.4643,654170.5504,640890.768,413943.5937,438766.6191,696614.8168,20888.57208,427269.4197,590159.8224,707526.1918,763661.6378,674930.9802,564545.2396,901474.9147,592431.5023,425732.1179,996042.9115,542273.9406,353992.1892,464667.3884,818857.0929,390322.3185,684234.4618,716442.3021,293322.481,532280.4667,1032202.87,441757.4266,747672.9028,560668.198,968747.8422,370842.5684,872569.9552,644482.7792,444786.8931,798640.1928,637298.7569,718128.5868,622777.6201,53.32425658,17.50592187,41.96616121,43.48480838,36.42518641,18.30891793,7.3,7.3,,,,,,,,,,,2.7,3.9,3.9,,3.1,3.1,5.4,4.8,3.9,4.6,5.6,5.8,4.2,3.3,3.1,3.5,2.3,4.1,4.6,3.1,3.1,2.3,2.7,3,2.9,5,4.7,5,5.1,4.2,4.2,3.9,4.5,3.9,5,5.4,7.3,6.9,5.8,6.5,6.9,5.8,6.9,5.8,7.3,5.8,6.1,5.8
A,FALSE,FUMARATE,C4 H4 O4,Full match,Partial match,Full match,-0.24,116.01093,115.00365,2.357,5983162.39,12,4,3,Single match found,No matches found,DDA for preferred ion,[M-H]-1,1672541.018,2873018.14,1755313.686,3356042.188,1644828.405,2796776.377,2353973.307,2080642.327,1250404.493,216955.7529,1264439.709,2223562.457,1691128.383,2528714.154,6002668.915,2813990.081,2932046.199,2942720.137,2426163.169,1935739.28,1345857.259,1574888.091,2476174.262,1539122.695,2473563.676,3480688.085,3231396.291,3563525.371,4830534.791,3220233.813,1840607.901,1247251.542,2639396.031,1464714.817,1507633.867,1782022.943,2545160.539,2846832.72,3527338.253,2709641.219,2746720.033,3563475.835,52.1353759,46.74853141,25.48439342,22.23986414,27.96237249,14.76021158,9.2,9.2,1.1,,,,,0.5,,,,,6,6,5.6,,5.2,6,5.6,6.2,6.6,6.6,6.2,5.8,7,6.6,6.6,7,7.2,5.9,6.8,7.6,7.2,7.6,7.2,7.6,6.6,5.9,7.6,5.9,6.2,6.6,8.2,8.2,8.6,8.2,7.9,9,9.2,8.1,8.9,8.9,8.5,9.2,9.2,8.3,8.9,8.9,8.5,9.2
A,FALSE,GLUCONATE,C6 H12 O7,Full match,Partial match,Full match,-0.65,196.05817,195.0509,1.119,14513629.79,12,14,14,Single match found,Single match found,DDA for preferred ion,[M-H]-1,2018994.797,12235670.56,2701738.95,10629032.1,2891459.144,11278331.8,2407480.498,1698388.084,1973480.929,28048.00048,2156455.045,2064508.664,14096266.8,11689038.98,14482487.64,10696361.67,12782302.13,7986716.061,3164702.155,2628884.63,2445470.203,2774593.27,2782949.139,2617286.882,9832326.583,11471586.83,11359490.2,9898574.009,13480260.84,9541955.677,2958309.874,2485934.09,2824608.414,1956072.538,3031667.392,5207056.021,11214887.44,8290423.782,11464984.04,11341776.15,12568571.32,10975992.53,50.0352441,20.1647444,8.915868575,13.67822268,36.25286441,12.99900307,8.2,8.2,,,,,,,,,,,5.2,5.2,4.8,,4.8,4.8,7.2,7.2,6.8,6.5,8,6.8,7.6,8,7.4,7.6,7.6,7.6,7.1,7.5,7.5,8.2,8.2,7.5,5.6,6,5.6,5.4,6,6.7,7.9,8.2,8.2,7.5,8.2,8.2,7.1,7.5,7.5,7.9,7.1,8.2,7.9,7.5,7.9,7.9,7.1,7.9
A,FALSE,GLUTAMINE,C5 H10 N2 O3,Full match,Partial match,Full match,-0.41,146.06908,145.06181,1.068,40668724.88,12,2,2,Single match found,Single match found,DDA for preferred ion,[M-H]-1,12478111.04,27609986.28,12475163.18,28470215.23,13830442.62,28402278.2,13703258.1,12715279.35,12240942.72,221106.701,15374190.56,10718886.28,29068773.46,27516924.9,20392901.19,40699321.12,22436912.07,27703047.65,11240833.94,15236997.55,15685308.83,10161885.08,13709492.43,11017011.06,31205131.36,34595100.44,25908466.76,25922124.09,16643768.82,31018306.37,14566069.47,13934668.7,13726216.53,13246642.36,16021313.09,13193533.75,30734264.07,26070292.33,21735584.92,36929071.81,22469636,37292486.72,50.07306928,25.35931642,18.31196168,22.91816959,7.514095577,23.64282982,10,10,,,,,,,,,,,6.6,6.2,6.2,2.9,7,7,8,7.6,8,7.6,7.6,7.6,8.1,8.5,8.1,8.5,8.5,8.1,8,8,7.6,7.6,6.8,8,9.5,9.1,9.5,9.1,9.5,9.5,8,8,7.6,7.6,7.6,8,9.6,9.6,9.6,10,10,9.6,10,9.2,10,10,10,9.6
A,FALSE,GLUTARATE,C5 H8 O4,Full match,Partial match,Full match,-0.24,132.04223,131.03495,4.575,3442572.898,12,7,6,Single match found,Single match found,No MS2,[M-H]-1,754591.9515,1131403.742,906180.573,1460209.558,763020.0665,1248258.906,950884.1672,725615.3774,1167207.599,256102.34,749003.7385,760180.1644,1104972.389,702128.7398,1912469.128,815343.3827,1288691.968,1157835.095,1094338.502,750144.272,830223.1523,897251.3533,915109.7928,1154814.559,1370016.818,1515845.551,1404573.566,1985005.638,3531901.605,1394814.101,919152.714,881885.741,626603.5111,653486.5766,755363.3499,770676.7831,1082270.318,1247025.192,1948707.062,1249492.619,1212941.551,1305171.616,39.35971278,36.74791709,16.51013328,45.40341144,15.30876456,22.89183937,7.4,7.4,,,,,,,,,,,2.7,3.6,4.6,1,2.3,2.7,2.7,2.9,5.4,3.5,4.2,4.6,4.8,3.3,3,4.8,4.5,4.8,3.7,3.7,3.7,4.8,5.5,3,4.8,3.7,4.2,2.7,3.3,4.1,3.2,4.3,5.1,4.3,3.6,4.7,6.6,7,6.6,6.6,5.9,7.4,6.6,6.6,6.6,6.6,7,6.6
A,FALSE,GUANINE,C5 H5 N5 O,Full match,Partial match,Full match,-0.23,151.04937,150.0421,1.779,15921332.87,12,5,3,Single match found,Single match found,DDA for preferred ion,[M-H]-1,1863208.215,91046.60603,3789885.396,111419.7509,2405685.944,105536.2221,2116324.291,1905012.342,2051024.222,24134.26427,1628099.451,1821404.088,91525.80116,78296.96001,98275.78169,84767.1383,135299.5123,90567.4109,3833097.453,2868069.869,3880811.652,15859655.27,3349063.18,3746673.338,94658.74875,1508598.772,118610.9342,154419.9,89363.33867,104228.5676,2430104.231,1699621.968,2381267.657,1492948.612,3133419.828,3353854.05,92281.94788,107130.3488,329077.0975,97963.45277,103942.0954,367797.0118,49.45678449,20.92841411,90.27251434,165.3807946,30.7670251,70.37385232,9,9,,,,,,,,,,,6,5.6,5.6,,6,6.4,,,,,1.2,,6.6,6.2,5.8,7,6.2,5.8,,4.1,0.2,0.6,,,6.1,6.1,6.9,5.7,6.3,6.7,,,2,,0.6,1.2,9,8.3,7.5,7.9,8.3,7.5,8.6,7.5,7.9,8.3,7.9,8.3
A,FALSE,GUANOSINE MONOPHOSPHATE,C10 H14 N5 O8 P,Full match,Partial match,Full match,-0.72,363.05774,362.05046,1.906,84975371.01,12,4,3,Single match found,No matches found,DDA for preferred ion,[M-H]-1,11297986.34,61591463.87,22808214.2,55732193.85,29189527.33,64431985.16,2998073.809,13343898.39,26997537.68,31625.93787,34921047.81,9252074.285,64228095.35,43089201.13,68203775.85,60691543.51,45666718.46,62491384.24,9603758.977,28219951.74,22328562.36,20330008.17,23287866.04,30209754.41,68793601.33,59872791.86,46527766.54,59069060.05,42080788.84,52395327.64,29345986.64,30349235.89,17495752.66,29033068.02,31216215.42,26149744.2,54978963.58,84206952.35,56071689.8,68161675.84,60702294.49,86497019.23,94.15582915,18.14962979,32.51966322,17.80379715,18.64862839,20.33946386,10,10,,,,,,,,,,,6.6,6.6,7,,6.2,7,8.5,8.1,8.1,8.5,8.1,8.5,7.1,7.5,7.1,7.1,7.1,7.1,8.1,8.1,8.1,8.5,8.1,8.5,8.1,8.1,8.1,8.1,8.1,8.1,8,7.6,7.6,7.6,7.6,8,9.6,10,10,9.6,9.6,9.6,9.6,9.6,9.6,9.6,10,9.6
A,FALSE,HISTIDINE,C6 H9 N3 O2,Full match,Partial match,Full match,-0.52,155.0694,154.06212,1.019,15763388.6,12,3,2,Single match found,Single match found,DDA for preferred ion,[M-H]-1,6286094.721,13595365.5,7508600.473,13158603.24,7956614.219,14434670.48,5865779.862,6706409.58,7129245.184,31359.76551,4665719.808,6852651.376,15672462.84,15372841.67,11685375.32,11548724.91,13369441.34,13821289.66,4134550.686,9856239.75,8720448.938,6475486.062,5594961.765,8541714.884,13702830.96,13857668.62,12614375.51,11905208.14,10471942.81,16116560.1,5766786.976,10954437.94,7886900.225,12056470.3,6778205.151,8026328.212,14682442.72,15093227.53,14117056.93,12744239.97,14186898.24,15191387.6,51.63546451,12.92950344,30.12862827,14.71280996,28.39802322,6.261636699,10,10,,,,,,,,,,,7,7,7,0,7,7,9,9,9,9,9,9,7.5,7.5,7.5,7.5,7.5,7.5,9,9,9,9,9,9,8,8,8,8,8,8,9.5,9.5,9.5,9.5,9.5,9.5,10,10,10,10,10,10,10,10,10,10,10,10
A,FALSE,HYPOXANTHINE,C5 H4 N4 O,Full match,Partial match,Full match,-1.04,136.03837,135.03109,2.241,31004286.2,12,4,3,Single match found,Single match found,DDA for preferred ion,[M-H]-1,18093712.78,467004.362,18796812.4,3085041.331,19643940.43,769681.3657,30165562.12,23247871.4,14582175.53,26885.59454,17083560.32,19103865.24,40404.17356,29306.97334,1451474.574,1792935.007,893604.5505,29936.09024,26152527.24,17939085.28,19654539.52,17315088.72,27584862.07,13072309.8,2148181.62,5107974.693,3517350.373,2652732.289,6851988.056,1198955.895,19343032.35,14560919.08,24172717.45,17214286.5,19944848.51,21094297.69,34014.04452,32956.25465,1669486.232,2151169.417,1505348.687,34010.2465,58.14442411,112.030522,27.39793749,58.09721393,16.97245075,108.0480187,8.9,8.9,,,,,,,,,,,5.8,5.5,5.5,,5.5,6.6,,,3,2.6,1.1,,7.2,6.8,6.5,6.1,6.1,6.8,2.2,4.7,4.3,4.3,4.7,1.8,7,6.6,7,7,7,6.6,,,4.1,4.1,1.4,,8.5,8.5,8.9,8.9,8.1,8.9,8.1,8.5,8.1,8.1,8.1,8.5
A,FALSE,INOSINE-MONOPHOSPHATE,C10 H13 N4 O8 P,Full match,Partial match,Full match,-1.09,348.04672,347.03944,1.89,462467870.4,12,5,4,Single match found,Single match found,DDA for preferred ion,[M-H]-1,123716698.2,138117728.6,263178550.1,94985569.92,361898810.1,119074389.9,19408863.5,146125160.4,335344754,170395.5324,413888072.3,101308236,146122742.4,98218008.17,57641623.84,168899492.3,130546291.8,145689165.4,63026653.57,389923107.8,305679143.9,220677956.4,169653051.4,430542496,196433713.2,181148247.5,98937840.36,91033299.49,80686156.75,88862008.4,356340638.6,440431263.8,208547808.5,456191199.2,355388942.7,367456981.6,148274048.6,54970096.4,95170554.29,142978225.5,90424226.79,223181113.5,100.0655482,32.29403233,52.77143568,42.02999193,24.15035427,47.00151735,10,10,,,,,,,,,,,6.6,7,6.6,0.6,7,7,7.5,7.1,7.1,7.1,7.1,7.1,7,7,6.6,6.6,6.6,6.6,7,6.6,6.6,6.6,7,6.6,7.6,8,7.6,7.6,7.6,8,6.6,7,6.6,6.6,6.6,6.6,9.6,10,10,10,9.6,9.6,9.6,9.6,9.6,9.6,9.2,9.6
A,FALSE,LACTATE,C3 H6 O3,Full match,Partial match,Full match,-1.11,90.03159,89.02432,1.703,217389434,12,2,2,Multiple matches found,No matches found,DDA for preferred ion,[M-H]-1,117669899.2,170167333.7,135266063.5,154815499.5,159909732.6,159756733,115353247.3,119491982.6,157858992,7307746.613,115847815.8,130414177.1,171771981.9,176564910.4,168562685.5,140139715.3,197242239.1,149045068.5,124255265.7,207553923,138979652.5,110378475.5,131552474.6,182749820.6,110330321.3,170289766.7,171134740.4,106301875.8,139341232.2,219577015.6,132115865.2,165751769.4,154067695.8,205968956.6,110086145.9,191296228.5,158046692.7,125895510.8,185534644.9,159474370.1,179382198.1,160039095.9,48.01621372,12.18197905,25.20631178,28.1407195,22.42918189,12.94708331,10,10,,,,,,,,,,,6.2,7,6.6,,6.6,7,9,8.6,8.6,9,9,8.6,7.6,7.6,7.6,7.6,7.6,7.6,7.6,7.6,7.6,8,8,7.6,7.6,8,7.6,8,7.6,8,8.6,9,9,8.6,9,9,10,9.6,10,9.6,10,9.6,9.6,9.6,10,10,9.6,9.6
A,FALSE,MALATE,C4 H6 O5,Full match,Partial match,Full match,-0.33,134.02148,133.0142,1.436,117123230,12,4,3,Single match found,No matches found,DDA for preferred ion,[M-H]-1,29909914.29,61730146.26,36531949.44,81426774.98,29873376.65,61495973.14,39992658.1,33478470.16,26341358.41,529396.2474,24379583.12,45299724.02,36843954.07,45875004.74,117533899.3,76953590.29,66422771.04,57037521.47,39606153.32,42477096.86,31004889.88,32145634.85,38980221.22,34083677.65,54413318.32,85353471.23,77500078.73,90853551.18,108159268.8,58936335.66,29767513.33,23229892.29,42374654.53,29979239.97,29078891.21,33773272.77,58255709.22,66319750.33,93541317.91,59993767.02,62998179.26,58403985.69,55.63991658,42.92217808,12.68138033,25.50415977,20.30812458,20.36437863,10,10,3.2,1.8,3.2,1.7,,3.2,3.2,3.2,3.2,3.2,7,6.6,7,1.2,7,7,6.6,6.6,7,7,7,7,8.6,9,9,8.6,9,9,8,8,7.6,8,8,8,7.6,8,8,7.6,8,8,7.2,7.6,8,8,7.6,7.6,10,10,10,10,10,10,9.2,10,9.6,10,9.6,9.6
A,FALSE,METHIONINE,C5 H11 N O2 S,No results,Partial match,Full match,-0.19,149.05102,148.04374,1.783,896844.2615,12,5,4,Single match found,Single match found,No MS2,[M-H]-1,462171.0554,643645.5789,783392.1807,749811.8541,573339.2373,615462.4292,587270.1333,536021.3006,418959.7358,23085.32651,505382.3751,282631.0465,670906.8188,434710.7033,623580.3029,726912.6009,590918.9963,663710.8548,734270.2152,832514.1463,625731.8579,875799.406,895564.2553,364331.5485,728866.9607,751115.506,569379.0861,803795.4669,831189.9696,748508.2023,504652.5138,511661.1697,695269.3971,562915.6746,583762.7999,716949.9287,674835.6936,511111.1485,609251.4481,815023.5726,436743.6568,621673.4104,53.54242932,16.34758288,27.95525462,12.37696641,15.23118224,21.46905029,7.1,7.1,,,,,,,,,,,4.2,3.9,3.9,,4.2,5,3.1,3.9,4.2,5,5,5,4.9,5.1,4.9,5.1,5.5,4.1,4.4,5.7,3.6,5,4.2,4.6,4.6,4.2,5.8,4.6,6.1,5,2.2,4.1,3.7,4.7,3,3,6.4,6,6.1,5.6,5.4,6.1,6.1,6.5,6.9,7.1,6,6.4
A,FALSE,N-ACETYLASPARAGINE,C6 H10 N2 O4,Full match,No results,Full match,-0.53,174.06396,173.05668,1.23,13633488.35,12,5,4,Single match found,Single match found,DDA for preferred ion,[M-H]-1,54219.89854,7622047.249,66771.56285,8332937.032,97592.43397,9040079.742,60869.81262,61185.34398,46075.77705,20496.56527,244597.5752,47569.98446,8201630.757,8328943.144,7501920.991,6433724.964,7742173.506,6992494.539,45651.42058,93630.98832,72139.11773,251089.4455,33528.53913,61404.00796,9219245.753,9541378.682,6063641.98,10517882.09,7259528.162,7446628.311,353789.72,57054.22609,120717.3984,32356.38758,74467.46959,344230.4526,10429466.99,13772943.84,7701375.096,8357943.097,6152726.283,9722216.387,102.2321872,9.61956127,86.3825429,20.13688894,89.39194309,28.19364233,9.6,9.6,,,,,,,,,,,0.2,0.6,,,1.2,0.2,9.1,9.5,9.1,9.1,9.1,8.4,0.6,1,0.2,2.3,,,8,7.6,7.2,7.6,7.6,8,1.6,1,1,0,,3.1,7.2,8,7.6,7.6,7.6,7.6,9.6,9.6,9.2,9.6,9.6,9.6,9.6,9.6,9.6,9.6,9.6,9.6
A,FALSE,N-ACETYLNEURAMINATE,C11 H19 N O9,Full match,Partial match,Full match,-0.29,309.10589,308.09861,1.214,24199566.37,12,3,3,Single match found,Single match found,DDA for preferred ion,[M-H]-1,12055848.27,17568929.65,11104409.2,18774797.31,12054501.96,18640533.94,10279042.43,12380848.26,12902464.76,45678.48649,11730848.28,13009213.04,20142990.52,17182202.39,21737903.48,15571204.95,15415497.25,17955656.9,10654214,12272435.2,11273854.55,10965448.4,11243370,10919596.75,17289922.46,24448271.71,19917236.61,17632358.01,23788539.02,15794062.41,11032729.42,11138349.55,13095461.69,12179928.7,14192575.29,11929075.21,18527793.72,19169259.97,17683334.85,17789662.97,18753274.15,19225101.41,49.76925079,14.01290654,5.019313611,18.13940549,9.863380837,3.58599752,9.6,9.6,,,,,,,,,,,6.6,7,6.6,,7,5.8,7.9,8.2,8.2,8.2,7.9,8.2,9.1,9.1,9.1,9.1,9.1,8.4,7.3,8.1,6.6,7.3,7,7.7,8.7,9.1,8.4,9.1,9.1,9.1,9.2,8.5,8.9,8.9,9.2,8.9,9.2,9.2,8.9,9.6,9.2,9.2,9.2,9.2,9.2,9.2,9.2,9.2
A,FALSE,N-ACETYLTRYPTOPHAN,C13 H14 N2 O3,Full match,Partial match,Full match,0.39,246.10054,245.09327,8.378,401874.2395,12,23,20,Single match found,Single match found,No MS2,[M-H]-1,74271.34945,72382.95881,129551.8144,108820.8903,270107.1057,101741.3927,32702.40717,115840.2917,20473.23373,12040.98448,213619.2302,330231.2243,84427.90294,63152.45861,91128.06913,44808.03351,81613.45902,47065.43861,48021.96073,408815.8706,188855.8054,155880.2998,91501.24851,103223.329,152548.1612,65104.44364,100398.0587,68196.35613,117243.7218,122502.7558,73927.57844,258907.1176,188903.7815,427067.6766,281307.0938,363617.1299,111887.5219,86103.50384,141577.7142,134855.1597,81827.90022,91595.26349,106.0974623,29.01616567,77.58904905,32.31003635,47.19963433,23.78342759,5.4,4.3,,,,,,,,,,,4.5,1,,,2.1,4.2,1.6,2,4.3,,1.6,2.4,,5.4,4,2.9,1,1,3.8,2.6,4.5,1.9,2.6,2.6,2.1,5.4,2.9,5,4.2,4.2,3.5,3.5,3.1,2,4.6,2.8,4.3,2.4,2.8,3.9,4.3,3.9,2.8,3.5,3.9,2.8,2.4,2.8
A,FALSE,N-ALPHA-ACETYLLYSINE,C8 H16 N2 O3,Full match,Partial match,Full match,-0.44,188.11601,187.10873,1.381,2517718.892,12,5,4,Single match found,Single match found,DDA for preferred ion,[M-H]-1,125921.4946,1439576.516,142860.4086,1760840.664,125941.0238,2172489.195,110168.9329,196486.9057,99556.95568,18236.39119,141674.0562,173077.2874,1275271.154,1603881.878,2332031.164,1088400.616,1105425.478,2145177.867,184817.4412,142891.6984,109881.6851,142829.1187,134995.0062,153563.2266,1382754.322,1856230.97,1769534.359,1522714.626,1819853.823,1752146.969,96784.26708,110121.9272,220141.3278,141760.1205,158386.6385,109898.4675,2453364.148,2201746.461,1375381.918,2544972.165,2143231.928,925577.1039,51.2665036,33.76833145,16.91610194,11.16858557,32.73479736,33.29163546,8.6,8.6,,,,,,,,,,,0.2,2.5,4.8,,1.7,2.5,5.4,6.5,6.5,5.4,5.7,6.1,3.3,2.9,,3.3,3.3,2.5,7.2,8,8.4,8,8.4,7.6,0.7,2.6,1.5,2.2,2.2,1.9,6.3,6.9,6.5,6.3,6.9,5,8.6,8.3,8.6,8.6,7.9,8.6,8.3,7.5,7.5,8.3,7.9,8.3
A,FALSE,O-PHOSPHOETHANOLAMINE,C2 H8 N O4 P,No results,Partial match,Full match,-0.53,141.01902,140.01174,1.02,59717747.24,12,2,2,Single match found,Single match found,DDA for preferred ion,[M-H]-1,25647488.07,39656331.17,24362099.77,44235503.45,25231420.69,46970718.93,17311460.96,28861562.87,24344428.74,738503.2564,27780962.56,26950547.41,52963874.16,48102187.45,42451510.68,19212060.58,34481993.26,36861151.67,25847428.7,24246283.13,21263947.34,24477916.42,27569916.86,22644486.74,40385036.61,43935992.52,51639487.98,44535014.38,49600755.18,42838515.56,25042883.4,22765623.91,30581405.6,26329870.39,25419957.98,24271420.96,46682617.97,47712463.52,47258819.9,41176755.66,37166688.82,59542130.63,51.22660971,30.46564134,9.198909424,9.385207685,10.33619409,16.27792549,10,10,,,,,,,,,,,6.6,7,7,5,7,7,7.5,7.5,7.5,7.5,7.5,7.5,9.5,9.5,9.5,9.5,9.5,9.5,9.5,9.5,9.5,9.5,9.5,9.5,9,9,9,9,9,9,8.5,8.5,8.5,8.5,8.5,8.5,10,9.6,10,10,10,10,10,10,10,10,10,10
A,FALSE,OPHTHALMATE,C11 H19 N3 O6,Full match,No results,Full match,-0.35,289.12728,288.12001,2.205,70373142.06,12,4,3,Single match found,Single match found,DDA for preferred ion,[M-H]-1,2938041.92,28647187.49,4103976.595,30587608.66,4040183.481,29281988.83,3652252.892,2223830.947,2196952.67,29610.3385,4128464.003,4070592.481,70424912.08,28168460.75,38271383.98,12342739.36,29125914.23,17251733.08,3246171.096,3979158.835,4228794.356,3311727.79,4564005.909,4683633.809,14016788.22,37017647.01,32359711.96,28815505.36,35443783.2,25591724.37,2427115.246,5392748.661,2769437.87,4815478.878,4272914.695,3807452.266,35713906.45,33563780.35,32373277.78,24272788.74,26190699.89,24402207.76,58.04353788,63.47318024,15.32185218,29.10593114,29.48645334,17.17183921,10,10,,,,,,,,,,,6.2,5.2,6,,6.2,6.6,6.6,7,7,6.6,7,6.6,8.1,7.7,7.3,7,7.7,8.1,7.6,7.6,7.6,8,8,7.2,6.6,6.8,6.5,7.6,7.6,6.8,8.1,8.1,8.1,8.1,8.1,8.5,9.6,10,9.6,9.2,10,10,9.2,9.6,9.6,9.2,9.2,9.6
A,FALSE,OXOPROLINE,C5 H7 N O3,Full match,Partial match,Full match,-0.17,129.04257,128.03529,2.155,3222443.174,12,3,3,Multiple matches found,Multiple matches found,DDA for preferred ion,[M-H]-1,1722785.24,1439719.127,1768221.379,2153382.591,1594463.783,1629858.131,3150316.847,1700485.465,1636817.676,55994.16407,1996918.644,1745085.015,2054177.98,1422323.289,1238115.205,2234835.474,1322134.026,1457114.966,1674313.635,1665762.043,1818501.832,1735018.126,1801424.631,2031406.363,2208035.207,2223118.036,1365797.026,2098729.975,2595349.936,1609196.95,2000782.441,1496144.578,1729209.777,1550847.432,1638080.133,1494558.507,2290528.574,1271755.927,1420188.258,2195172.923,1478345.128,1781371.135,57.74251573,25.67691626,7.547531214,22.29175431,11.71283952,24.41583118,10,10,,0.2,0.2,1.4,,0.6,,,,,6.2,5.6,5.6,1.4,6.4,6.4,6.6,6.6,6.6,7.4,6.2,6.6,8.1,8.1,8.1,8.1,7.8,8.1,7,6.6,6.2,6.6,7.6,5.9,7.6,7.2,7.2,7.6,7.2,8,7.4,6.6,6.2,7,5.9,6.6,9.2,10,9.2,9.6,8.9,9.2,9.2,9.6,9.6,9.2,9.2,9.6
A,FALSE,PANTOTHENATE,C9 H17 N O5,Full match,Partial match,Full match,-0.55,219.11055,218.10327,6.962,37665716.56,12,3,2,Single match found,Single match found,DDA for preferred ion,[M-H]-1,21563838.7,31595122.51,23000221.73,30688902.23,26091943.19,31996073.4,22706905.2,15143437.15,22672567.15,49876.43387,20455110.26,25727677.48,30269578.3,33619720.21,29051060.71,37761756.14,23451233.76,32920666.73,21759741.69,25533713.4,23420498.18,20407267.44,22579945.29,24055123.28,25105744.52,36049294.52,33360603.2,28017201.25,37325723.67,24976688.25,22966348.46,27055814.16,23460817.32,26162615.75,26802377.47,26021270.64,28154857.79,29551516.61,36137454.59,32845194.12,34916102.22,31146952.69,52.71371694,15.54106581,7.824638615,17.82574605,6.896911158,9.619544895,10,10,,,,,,,,,,,7,7,7,0.6,7,7,8.5,8.5,8.5,8.5,8.5,8.5,9.5,9.1,9.5,9.5,9.5,9.5,8.5,8.5,8.5,8.5,8.5,8.5,9.5,9.1,9.5,9.5,9.5,9.5,9.5,9.5,9.5,9.5,9.5,9.5,10,10,10,9.6,10,10,9.6,10,10,10,9.6,10
A,FALSE,PHENYLALANINE,C9 H11 N O2,Full match,Partial match,Full match,-0.31,165.07893,164.07165,6.543,3034478.577,12,3,3,Single match found,Single match found,DDA for preferred ion,[M-H]-1,1636361.425,1721933.587,1790726.658,2227775.863,1583543.696,1699934.48,1892600.98,1742447.476,1449053.796,27655.96198,1530275.373,3045465.271,1254569.448,1099202.082,2057281.23,1740125.772,1703741.403,1808698.058,1981733.065,2160154.44,1573553.694,1599720.25,2480720.47,1252571.892,1615199.002,2293565.747,2161985.979,2612306.198,2095433.657,2554420.277,1891678.194,1429268.688,1541443.736,1625643.656,1522767.199,1757040.014,1760400.384,1279269.094,2052573.119,1639468.576,1919649.543,1169592.207,60.00978616,22.4294357,24.37010612,16.2976236,10.43314418,21.41367161,8.3,8.3,,,,,,,,,,,3.7,5.2,4.1,,4.8,4.7,5.5,4.7,5.5,5.9,4.7,4.7,5.9,5.5,4.7,5.5,5.7,5.5,6,6.7,7.5,6.2,6.4,6.6,8,6.1,6.5,6.9,6.1,6.9,5.5,5.5,5.9,5.1,5.9,5.5,7.9,7.9,7.5,7.5,7.9,7.5,7.9,7.1,6.4,6.7,8.3,7.9
A,FALSE,PHOSPHOENOLPYRUVATE,C3 H5 O6 P,Full match,Partial match,Full match,-0.28,167.98233,166.97505,1.327,1957954.696,12,6,5,Single match found,No matches found,No MS2,[M-H]-1,1055937.002,877254.1331,1092358.096,658367.9703,1437792.201,925250.4413,1598444.418,1077343.619,888574.4152,22524.5946,1034530.385,1273890.423,957718.7594,694174.1359,721798.6871,1029283.403,796789.5067,1178816.309,1056135.712,1852596.607,1389037.827,1128580.479,1013522.756,1023706.378,502476.165,890067.0534,463459.4684,488065.0282,814259.7756,1185136.943,1146039.594,1372066.883,1474063.386,1935043.456,1510764.458,1401521.017,1022213.692,849080.6859,473344.9515,1001420.197,520595.999,1277660.737,53.97716159,21.31112295,26.46026969,40.08360785,17.62483308,36.34512132,7.8,7.8,,,,,,,,,,,3.7,4.8,3.7,,5.6,4.5,5.9,5.3,6,6.2,6.6,7,4.7,6.6,5.9,4.3,5.1,5.1,4.6,5.2,4.6,3.5,4.8,6,6,7.5,6.7,7.5,6.4,6.7,6.1,5.4,4,5.4,4.4,6.1,7.4,7.8,7,7.4,7.4,7.4,7,7,7,6.6,7.4,7
A,FALSE,PYRIDOXAL-PHOSPHATE,C8 H10 N O6 P,Full match,Partial match,Full match,-0.48,247.02446,246.01718,2.392,2195339.278,12,8,5,Single match found,Single match found,No MS2,[M-H]-1,312221.2717,1627524.618,370348.6474,1826816.794,426492.2437,1902065.391,300645.0004,281741.6821,323797.5431,36080.84015,341045.8454,384053.2289,2117534.544,1484982.919,1597958.038,1657091.198,1525853.193,1717986.326,289878.1093,517854.9037,351594.4069,352066.2774,388631.0173,394917.9861,1776854.85,2003479.337,1608707.737,1876778.738,2098126.669,1445332.655,377117.5497,383123.3181,571088.1048,484928.0932,368647.4315,469861.1692,1812248.495,1991882.287,2052897.151,1698691.529,1589696.598,2275058.998,44.47339512,13.59289872,19.90171887,13.57575935,18.1760211,13.22713367,8,7.8,,,,,,,,,,,2.3,2,2,,3.1,2.7,8,6.9,7.2,6.9,6.9,7.2,3.5,4.6,4.6,3.9,3.5,4.2,7.2,6.9,7.2,6.5,6.9,6.5,3.9,4.6,5,3.9,4.6,4.2,7.6,6.9,7.2,7.6,6.9,6.9,7,6.2,7.4,7.8,7.8,7,6.6,6.6,7,6.2,6.2,7
A,FALSE,RAFFINOSE,C18 H32 O16,Full match,No results,Full match,0.03,504.16905,503.16178,1.293,17225558.79,12,4,4,Single match found,Single match found,DDA for preferred ion,[M-H]-1,3489906.431,7812034.764,3364555.655,7706536.327,3994151.967,6004002.401,7477143.475,3218835.623,4720124.87,30964.24542,3650111.827,3329701.034,9157712.963,8566259.279,5415384.353,8130383.811,7493685.717,6506244.166,3232024.004,2903190.483,3509429.24,2699331.419,4298579.514,3497087.305,17466824.73,6594110.041,4660556.354,7879434.772,7533637.881,8381019.475,5518274.8,4104296.2,3884007.733,2735968.832,4552093.454,3219921.835,6541298.158,3478037.105,3292040.426,10728130.31,5466706.644,9527513.504,64.57751579,18.36840169,16.7658783,51.02541511,24.58325097,47.39524919,9.6,9.6,,,,,,,,,,,6.2,6.2,6.2,,6.6,6.2,7.7,7.3,7.3,7.7,7.3,7.7,7.3,7.7,8.1,7.3,7.7,7,6.2,6.2,6.2,6.2,6.6,6.2,6.5,7.6,7.6,7.6,7.2,7.2,6.6,5.5,5.8,6.2,6.6,6.2,9.2,9.2,9.2,8.9,8.9,9.6,8.9,9.2,8.9,9.2,8.9,9.2
A,FALSE,RIBOFLAVIN,C17 H20 N4 O6,Not the top hit,Partial match,Full match,-0.31,376.13817,375.13093,7.924,2243631.141,12,26,16,Single match found,Single match found,No MS2,[M-H]-1,1064905.691,274863.6332,843442.8638,543443.2599,1083360.065,428040.4743,1913552.085,1614494.702,964161.6772,52517.14142,948024.3226,1165649.705,255948.1165,186059.8095,1707856.912,293779.1499,89284.18408,884898.462,965007.698,721878.0297,700931.7174,1150861.162,1780521.065,636772.8834,1005308.177,835922.3151,164771.1114,441489.2029,355608.8537,645397.3168,1291124.859,885817.2764,1800952.705,746276.6118,1230272.632,936447.4985,211718.8459,758918.6229,305829.4647,521930.9998,334149.9489,803105.9575,57.96759312,109.5551948,43.48390968,54.60291823,33.23519561,50.64574007,7.9,7.9,2,,1.6,1.2,2.8,,,,1.4,1.8,6.4,6.7,6,0.6,6.7,6,4.2,4,6.4,5,2.9,6,6,5,5.4,6.7,4.8,4.6,5.6,6,3.6,5,5.4,5.8,6.9,6.9,7.2,6.1,6.1,6.5,3.6,5.6,4.6,5.4,4.2,6,7.5,7.9,7.1,7.5,7.9,7.3,7.9,7.1,7.1,6.7,6.7,7.1
A,FALSE,S-ADENOSYLHOMOCYSTEINE,C14 H20 N6 O5 S,Full match,Partial match,Full match,-0.4,384.12143,383.11416,3.771,6468850.168,12,3,2,Single match found,Single match found,No MS2,[M-H]-1,325516.7845,4366497.351,330500.4097,4755647.099,391876.9478,4613349.53,335036.2886,234723.5935,315997.2803,46178.5996,425404.5874,396349.6156,4592248.963,4140745.739,5087955.078,2822004.643,3948578.557,4933516.158,326603.3792,329443.4562,331557.3632,428494.8677,407852.7644,229457.5347,4422114.911,5275809.466,5089179.287,5558198.266,4386551.74,3411414.252,425046.8645,368280.2184,435647.9501,308217.468,415473.6771,341335.4079,4390451.716,4549640.345,4664078.571,5101194.385,4562620.489,6558477.903,47.11592631,19.46446858,20.65615423,16.66444275,13.40648664,16.37376029,9.2,9.2,,,,,,,,,,,1.2,0.6,1.6,,2,0.8,7,6.6,6.6,7,7.7,7.3,4.1,2.2,3,3,3,2,6.6,7.7,7.3,7.7,7,6.6,4,3.6,3.2,4,3.6,3.6,6.6,7.3,6.6,7,7,7.7,7.7,7.7,9.2,8.1,8.1,8.1,7.5,8.1,7.7,7.7,8.1,7.7
A,FALSE,SERINE,C3 H7 N O3,Full match,Partial match,Full match,-0.63,105.04253,104.03525,1.016,4916509.648,12,5,4,Single match found,Single match found,DDA for preferred ion,[M-H]-1,2213595.149,2426145.814,3034487.007,2663802.166,3352063.873,2505183.856,2994225.484,2106029.083,2187624.872,44369.72549,2239565.425,2300919.897,2365911.279,1969061.739,3246875.739,2417723.588,2434568.04,2733316.815,1887506.547,3624025.121,4936706.309,2922446.897,2141299.861,3146527.117,2197993.087,2515267.818,2812336.514,3026896.37,2140781.756,3752630.528,2557785.246,4224008.975,3114749.139,3445658.938,3310540.75,3393586.996,2882069.505,2070397.104,2614293.347,2787606.332,2063514.816,2396074.365,50.55952304,16.95492948,35.43235141,21.98880798,16.16791436,14.28380937,10,10,,,,,,,,,,,7,6.7,6.4,,6.7,6.7,7.5,7.9,8.5,7.9,8.3,8.5,6.9,7.5,7.5,7.5,6.9,7.5,7.8,8,7.6,8,7.8,8,8.1,8.5,8.5,8.5,8.5,8.5,9,8.8,9,9,8.8,8.8,9.8,10,9.4,9.8,9.8,9.4,9.4,9.4,9.4,9.8,9.8,9.4
A,FALSE,STACHYOSE,C24 H42 O21,No match,No results,Full match,-0.13,666.22177,665.2145,1.385,3755468.18,12,4,3,Single match found,Single match found,DDA for preferred ion,[M-H]-1,690118.6116,1859078.189,690508.3374,2002722.115,865080.3182,1785475.327,1534125.876,699309.5829,864612.5588,36739.88858,680927.6403,560554.7393,2212463.107,2127928.514,1102778.526,1952384.492,1765771.887,1626717.214,707372.605,621861.7577,757956.7721,548525.8859,887268.9257,673644.0698,3827467.342,2106348.496,1107109.638,2002132.279,2003311.952,1967733.631,857280.4066,872880.2297,898309.8586,619767.4217,1067023.798,734785.0415,1702232.434,788927.8866,848396.1411,2595459.625,1868718.221,2043366.155,66.53123549,22.49816124,16.70089147,41.12221644,18.08699095,42.93622644,7.1,7.1,,,,,,,,,,,3.3,2.7,3.3,,2.7,1.2,5.1,5.1,4,4,4.3,4.3,4.6,3.1,4.5,4.2,4.5,4.6,4.7,4.5,3,3.3,3.7,4.5,4.1,4.1,4.5,3.5,5.2,3.9,4.5,3.3,2.6,3.9,3,4.1,6,6.4,7.1,6,7.1,6.4,6.7,6.7,7.1,6.4,6.4,6.7
A,FALSE,SUCCINATE SEMIALDEHYDE,C4 H6 O3,Full match,Partial match,Full match,-0.67,102.03163,101.02435,1.106,10921629.48,12,7,4,Single match found,No matches found,DDA for preferred ion,[M-H]-1,3947196.426,8462362.664,5504516.954,10161945.78,4134656.114,9270927.422,4030324.256,4148317.36,3686324.049,2359744.115,3864068.596,4316262.102,6755984.557,8458580.214,9410142.492,9392966.429,8466145.114,7731564.074,5194394.625,5942603.27,4286755.526,6892460.461,5814639.284,4926811.472,9807709.422,9789244.837,10267582.06,10056309.51,10302871.71,10322362.39,1755676.435,3458003.66,4203729.809,4065582.418,4785923.479,4630398.64,9119759.906,7171457.71,9732392.937,9422094.938,10614116.65,8528050.703,18.959815,12.13595391,16.49002356,2.435928905,29.15272138,12.8585735,9.6,9.6,,,,,,,,,,,4.7,5.1,4.3,,5.8,5.1,7.1,6.7,7.9,7.9,7.5,6.7,7,8.1,6.6,6.6,7.3,6.6,9.6,9.6,8.5,9.2,8.1,8.5,6.2,6.5,6.8,7.6,5.3,7.2,7.9,7.5,7.9,7.1,8.2,7.1,9.6,9.6,9.2,8.1,9.2,8.9,9.6,9.6,8.5,9.6,7.7,9.6
A,FALSE,TAURINE,C2 H7 N O3 S,Full match,Partial match,Full match,-0.74,125.01457,124.00729,1.052,656806205,12,2,2,Single match found,Single match found,DDA for preferred ion,[M-H]-1,551019691.1,543036897.9,566090958.9,532992267.9,564809146.7,560180133,536674955.5,590708661.7,529454998,8245176.237,565364426.7,613640254.1,557085415.7,499669577,541454149,544619646.7,528741007.8,545681426.6,548427043.9,603769261,548977393.1,568098299,570325994.3,564083618.9,546901695.2,594672269.6,519082840.6,501072057.3,573110243.4,494773533.3,553696479.5,559724809.7,598163434.7,586491054.5,555472101.6,569893483.8,502295492.4,655594542.3,579613603.7,538933580.9,604079583.1,540746662.3,48.60406221,3.743576712,3.562464254,7.483688234,3.179563855,9.600744381,10,10,,,,,,,2,0.2,1.4,,6.6,6.6,6.2,7,6.6,6.6,9.6,9.6,9.6,9.6,10,9.6,9.6,9.6,9.6,9.6,9.6,9.6,8.7,9.1,9.1,9.1,9.1,9.1,9.6,9.6,9.6,9.6,9.2,9.6,9.5,9.1,8.7,9.1,9.5,8.7,9.6,9.6,9.6,9.2,10,9.2,9.6,9.6,9.6,9.6,9.6,9.6
A,FALSE,THYMIDINE,C10 H14 N2 O5,Full match,Partial match,Full match,-0.22,242.09022,241.08295,6.85,1275476.411,12,5,5,Single match found,Single match found,No MS2,[M-H]-1,289160.1592,629233.4498,493326.1242,386888.7967,564715.6543,365668.2677,206054.8598,350521.0424,227799.276,18103.46104,431748.778,478885.5192,1006275.283,315473.9072,942992.9925,197144.4199,282501.9578,1274066.949,429670.4554,623274.1762,481506.458,505145.7904,407716.7607,567736.3837,351012.9324,627424.5802,369853.7031,565931.9014,324364.4411,403923.8903,393521.3556,363151.4487,714985.793,604855.6831,568929.4534,560501.8551,283085.3073,393523.3278,337813.2076,208091.6323,967930.8679,430034.0425,59.46986227,68.48607553,16.30792207,28.44977027,24.9160967,62.26462352,8.8,8.8,0,,,,,,,,,,2.1,5,3.3,0,5.4,5,6.4,4.2,6.4,2.1,3.5,6.4,6.1,7.7,6.9,7.7,6.5,7.3,5.3,6.8,6.4,5.6,5.3,6.4,6,6,7.1,6.8,6.4,7.1,4.6,4.6,4.6,2.9,6.4,4.6,8.4,8.4,8.8,8.4,8,8.4,8.8,8,8.4,8.4,8.4,8.8
A,FALSE,THYMIDINE-MONOPHOSPHATE,C10 H15 N2 O8 P,No match,Partial match,Full match,-0.12,322.05656,321.04929,3.084,3549513.23,12,2,2,Single match found,No matches found,No MS2,[M-H]-1,67169.21727,2440714.413,89393.69352,2409431.832,85896.70093,2071788.593,70624.2271,65516.99512,68150.24063,42662.06731,82541.16736,66188.19391,2849431.739,2501413.924,2380014.902,1965778.295,1726855.144,3340085.495,66673.32779,160455.7834,105600.0693,69961.98659,73187.31777,167628.4645,2310705.711,2508157.952,3406216.404,3438070.358,1720314.235,1595049.489,72359.74079,123079.1495,71259.18792,118539.4075,92223.02401,79570.37785,934803.1057,1604508.664,2774767.811,1253776.601,3554091.467,2539068.522,19.70725221,23.80908283,43.08466137,31.86448673,24.73437826,47.77255032,7.9,7.9,,,,,,,,,,,,,,,,,6.5,6.5,5.5,5.9,5.9,6.5,,1.4,,,,1.7,5,5.6,5.6,6,5,5.4,,,,,,,3,4.5,5.5,3.7,5.1,5.1,7.5,6.7,7.1,7.1,6.4,7.9,7.1,6,6.4,6,6,6.7
A,FALSE,TRIMETHYLACETIC ACID,C5 H10 O2,Full match,No results,Full match,-0.37,102.06804,101.06076,8.846,1767599.626,12,15,14,Single match found,No matches found,DDA for preferred ion,[M-H]-1,248724.9254,202533.9613,329069.5121,238555.6521,251238.0295,392240.1083,230769.8369,266680.0138,295231.9348,146480.6006,291033.5139,220777.5292,247706.2595,144569.5026,156098.1227,233003.3921,197436.3736,207631.549,510257.714,343277.423,314861.6013,460689.046,275168.1091,248644.8256,195489.3985,235060.7101,242050.5941,231928.1792,245187.654,333767.4642,247169.8935,417462.5776,255306.1656,231254.8961,239121.6687,440057.0474,429589.9493,421880.0267,417052.3208,302725.8588,248013.7876,367427.8957,23.0586841,20.72707193,29.12873963,18.60402136,31.60540227,20.41727734,8.8,8.8,,,,,0,,,,,1.5,1.2,1.8,,,1.8,,1.5,,2,1.2,,2.4,2.6,2.6,3.4,2.6,3.4,2.2,1.7,3.3,2.3,3.3,2.7,2,2.1,4,2.1,,2.9,1.7,3,1.5,3,3.7,3,2.2,8,7.6,8.8,8.4,8.8,8.8,7.2,8,8.4,8.4,8,8
A,FALSE,URACIL,C4 H4 N2 O2,Full match,Partial match,Full match,-0.35,112.02724,111.01996,1.761,5849971.046,12,3,3,Single match found,Single match found,DDA for preferred ion,[M-H]-1,3691400.48,976693.8139,4863654.933,963535.0948,4173343.054,915838.9685,5486585.126,4821878.394,3702864.634,208235.1164,3679936.325,2155847.874,960311.8815,443303.0824,909685.7997,2061365.108,993075.7462,1077478.715,5822647.452,4552191.894,3664930.69,5175117.973,5710378.838,2864978.708,1223082.783,1290102.269,609953.7053,1226488.938,703987.4068,580776.9955,4883089.532,3363290.826,5258617.768,3122766.131,3988094.966,4358591.143,1021835.797,809842.1404,726292.9909,798541.472,1084873.666,1118740.608,57.17419833,49.59559659,25.43531896,36.22036061,20.12728239,18.1337499,10,10,,,,,,,,,,,7,6.2,6.2,,6.6,6,3.3,0.8,2.6,5.2,3.7,4.1,8,8,7.6,7.2,7.2,7.6,4.2,3.8,3.2,4.2,3.2,2.1,7.6,7.6,7.6,7.2,7.6,8,4.1,5.2,3.9,4.8,4.8,6,9.2,9.6,10,9.2,9.2,9.2,9.6,8.9,9.2,8.5,8.9,8.5
A,FALSE,URATE,C5 H4 N4 O3,Full match,Partial match,Full match,-0.52,168.02825,167.02098,2.011,31233616.24,12,6,3,Single match found,Single match found,DDA for preferred ion,[M-H]-1,28761.7524,6859396.509,32495.97423,15707821.59,75144.7439,4621828.872,26726.50354,29017.3178,32165.6101,27304.14738,111344.8922,28506.187,7163699.544,6555093.473,16210420.67,2150953.973,8322930.143,1798906.652,28204.4638,625134.1119,32566.14121,30420.82019,32425.80725,95972.55873,1724545.175,9523003.745,32328588.6,21892639.43,23093808.14,3656616.406,247299.0013,117309.0399,29640.03367,550754.9695,32980.44791,31341.91448,5997325.321,2185084.105,22074401.64,3246332.423,16926217.27,1454110.145,79.45038435,74.51959818,169.5528997,79.5457639,122.2350986,100.6197215,9.6,9.6,,,,,,,,,,,,,,,0.6,,6.2,6.6,6.6,6,6.6,5.6,,4.2,,,,0.2,6,6.6,7,7,7,6.2,,,,3.1,,,6.2,6,7,6.6,6.6,4.1,9.2,9.6,9.2,9.6,9.2,9.2,9.2,9.2,9.2,9.2,9.6,9.2
A,FALSE,URIDINE,C9 H12 N2 O6,Full match,Partial match,Full match,-0.55,244.0694,243.06212,2.757,38327560.99,12,3,3,Single match found,No matches found,DDA for preferred ion,[M-H]-1,17317315.42,12704058.02,24710787.76,19938611.95,19140933.4,23622820.44,16663106.61,13450753.65,17991498.89,33218.591,18811022.48,17971524.22,10666492.85,6139797.056,29729407.92,25817986.03,7777558.111,14741623.19,16195490.28,28557792,21166815.95,30209305.63,22784936.2,26636639.31,33489791.56,26002144.77,10249727.99,21062584.81,11118848.72,18814639.1,16446494.93,19121821.31,17280214.35,23819882.27,23195024.86,19160045.5,16444981.53,30451464.73,16794176.16,31313376.92,15399449.6,38512499.5,50.67157076,61.93505431,21.52230607,44.13510278,15.3137765,39.66844373,9.6,9.6,,,,,,,,,,,6.6,6.2,6.2,,6.2,6.2,6.6,6.2,5.8,6.2,6.2,6.2,7.6,7.6,7.2,7.6,7.2,7.2,6.2,6.6,6.2,6.2,6.2,6.6,7.7,7.7,7.7,7.7,7.7,8.1,7.1,7.1,7.1,7.1,7.1,6.7,8.9,9.2,9.6,9.6,9.2,9.2,9.2,9.2,9.2,8.9,9.2,9.2
A,FALSE,URIDINE MONOPHOSPHATE,C9 H13 N2 O9 P,Full match,Partial match,Full match,-0.38,324.03574,323.02846,1.502,93718626.42,12,5,3,Single match found,Single match found,DDA for preferred ion,[M-H]-1,5102117.065,37034122.4,8011210.156,44258278.73,7562579.129,42405316.32,3399706.891,5477152.86,7439223.854,27717.08495,7132436.91,4727081.269,50651519.43,8937648.627,32561537.3,94335189.78,23039067.07,41506707.5,3283120.855,11217440.62,8259936.165,7762484.146,4043644.76,10586149.55,44568109.18,58645296.56,43948448.28,54475863.28,31850463.37,34972313.83,6169565.573,10300945.64,5968543.23,9654724.944,8119062.692,7006095.566,49432442.42,85269800.43,43513653.21,36034800.38,41296979.43,34382446.53,58.29705589,70.54449884,43.55401439,23.44793661,23.02003004,39.09185034,10,10,,,,,,,,,,,6.2,6.6,7,,6.6,6.6,6.6,5.8,6.6,7,6.6,6.6,5.8,6.6,7,6.6,7,7,7.6,8,8,8,8,8,7.6,8,7.6,8,8,8,7.1,7.1,7.1,7.5,7.1,7.5,10,10,9.6,10,9.6,9.6,9.6,10,10,9.6,9.6,10
A,FALSE,XANTHINE,C5 H4 N4 O2,Full match,Partial match,Full match,-0.34,152.03337,151.0261,2.56,19391961.76,12,4,2,Single match found,Single match found,DDA for preferred ion,[M-H]-1,1793021.001,6492869.645,2057175.268,11992365.06,1528167.501,7107422.587,2816020.791,2229493.341,1314748.266,31992.97766,1356548.662,3620036.475,3114613.204,3805273.768,7501477.388,9284437.989,7425679.817,5560059.474,2460774.968,3375751.672,1697021.203,2274244.917,1840105.618,1228543.505,8035373.299,15707352.77,13144903.6,10839826.52,19822600.75,9036070.318,1588346.905,1152984.727,4525727.465,1401837.35,1467988.098,2817847.675,5747108.667,1274322.045,8760414.481,8932850.63,8467736.508,1470988.096,66.89566163,38.92499645,34.64928672,34.78861453,60.1168977,62.38772984,9.6,9.6,,,,,,,,,,,6.2,5.6,4.5,,5.6,6.6,6.7,7.1,7.1,7.1,7.1,6.7,6,6.3,6.5,6.5,5.7,5.4,7.1,7.5,6.7,7.1,7.1,7.1,6,4.8,6.6,5.2,5.2,5.8,6.2,4.5,6.6,6.2,6.6,4.8,9.6,9.2,9.6,9.6,9.6,9.6,9.2,9.6,9.2,9.6,9.2,8.9
