Name,Group,1-AMINOCYCLOPROPANECARBOXYLATE,3-DEHYDROSHIKIMATE,4-GUANIDINOBUTANOATE,5-METHYLCYTIDINE,ADENINE,ADENOSINE DIPHOSPHATE RIBOSE,ANSERINE,ARGININE,ASPARAGINE,ASPARTATE,BETA-NICOTINAMIDE ADENINE DINUCLEOTIDE,CARNOSINE,CDP-ETHANOLAMINE,CORTISOL,CREATINE,CYSTATHIONINE,CYTIDINE,CYTIDINE MONOPHOSPHATE,DEOXYADENOSINE MONOPHOSPHATE,DEOXYCARNITINE,DEOXYCYTIDINE,DEOXYGUANOSINE,GLUTAMINE,GLUTARYLCARNITINE,GLUTATHIONE REDUCED,GLYCEROL 3-PHOSPHATE,GLYCINE,GUANINE,HISTIDINE,HYPOTAURINE,HYPOXANTHINE,INOSINE-MONOPHOSPHATE,ISOLEUCINE,KYNURENINE,L-CARNITINE,LUMICHROME,LYSINE,METHIONINE,"N,N-DIMETHYLARGININE",N-ACETYLASPARAGINE,N-ACETYLNEURAMINATE,N-ALPHA-ACETYLLYSINE,NICOTINAMIDE,NICOTINAMIDE MONONUCLEOTIDE,NICOTINATE,O-PHOSPHOETHANOLAMINE,OPHTHALMATE,ORNITHINE,PHENYLALANINE,PHOSPHORYLCHOLINE,PIPECOLATE,PROLINE,PTERIN,PYRIDOXAL,PYRIDOXAL-PHOSPHATE,RIBOFLAVIN,SERINE,SHIKIMATE,SUBERATE,TAURINE,TRIGONELLINE,TRIMETHYLAMINE OXIDE,TRYPTOPHAN,TYROSINE,URACIL,URATE,UREIDOPROPIONATE,URIDINE MONOPHOSPHATE,UROCANATE,XANTHINE
CCG 001,Control Gill,127979737,41799.14228,802888.6964,839524.9481,2808235.716,615317.7165,79404909.84,23681859.1,21494784.84,34847724.05,255546.2211,37331809.93,1242772.27,549767.6347,700284122,11920655.34,37857208.38,11777950.22,613101.6977,434077905.8,476943.2933,1396504.558,143611548.1,467366.3212,918977.1444,11118343.58,28290650.52,50952210.79,61025139.29,20322362.39,329002544.6,12135752.2,50878135.66,473274.949,112598364.9,806279.8619,7787145.459,45252902.11,7615375.061,1125840.748,6498254.044,2157679.763,127968041.3,1129605.7,869138.204,52401396.09,19233998.65,540750.3612,173851210,453828132.4,3226526.784,219594218.1,42484.80194,1634660.257,850508.0012,6994469.823,21507091.81,1228755.996,796132.4146,379152070.8,3423524.078,8021136.629,590271.6828,43048405.59,29011690.06,320092.3893,457775.9761,1343705.836,3336939.912,10100575.56
CCG 002,Control Gill,121593153.5,110339.8711,1862175.784,632286.659,4590778.675,1370973.629,116465577.7,28205052.75,17840903.18,22906112.7,435156.5021,39030360.57,1954198.44,146496.8167,864333906.6,9073935.528,34433554.57,16012981.84,646059.1139,516679987.7,570764.2134,1793106.095,130696105.1,489059.1801,1974327.497,9980645.583,28845097,47432233.65,66622852.89,40646123.94,307107900.9,86067154.83,48915839.76,278371.8337,89293944.1,758234.4497,9557421.668,42149126.45,7448191.412,1061938.819,7648873.392,3809810.358,126328675.9,1392014.023,924931.707,87198250.75,13007877.06,841865.8903,153703073.7,487749261.3,2531999.673,94850051.25,93919.26409,1169632.086,1087623.296,3606979.794,16574077.53,7708954.941,776955.8813,432638458.8,3946328.89,11389556.62,162169.2998,33565341.93,25231874.66,93663.70201,354693.3111,1808119.13,1324042.208,8025628.9
CCG 003,Control Gill,114370616.3,44853.08849,2913436.632,627009.1778,5647385.169,4253593.887,103764107.6,28456302.62,33030540.94,26929650.2,1092972.215,33109154.24,1424022.008,650352.2364,946547261.3,24215990.97,28747682.24,15477966.94,609894.0111,564265428.2,504678.0931,1166929.897,126580507.3,467710.6959,1819142.055,7807194.964,30621355.29,48415099.99,74150837.66,17096160.99,212852134.9,179327222.2,50996695.94,338317.9926,112383816.4,515983.5608,10563775.2,34488727.35,7903490.34,994936.9694,7690669.859,3480002.748,116890292.4,1354703.621,1920748.363,66308562.55,13231014.7,408469.2808,143638158.5,542154379.6,7909660.587,204472222.9,50163.31357,702838.6633,1115457.215,3975686.06,19678358.81,1192759.121,974483.1332,393747310.4,4284841.78,28845901.84,938291.1695,23539764.16,20749475.56,1482828.072,447361.3921,2277446.503,1644097.18,5980567.997
CCG 004,Control Gill,5936268.94,26190.28455,33711.21744,44107.49772,685928.4653,56229.68508,335672.6423,636101.3891,437818.6573,661204.5237,49236.17423,15878.88395,31494.38018,65098.14593,7568342.83,405952.9833,94783.34753,48693.93799,48138.66084,1949241.621,34747.3082,26472.23872,2032471.178,16986.51682,41024.23356,92928.59094,3265399.197,309630.3673,1277853.939,243454.0871,1965572.733,43904.72109,415389.4667,29502.6191,827975.2448,41917.12582,67071.15847,138132.3035,26818.92188,30364.86827,51820.86402,32819.33133,4097686.809,30278.1879,1621775.947,1582888.759,44789.22194,29405.81134,1027791.336,4263463.022,311445.9335,2282295.116,49213.35844,85414.97379,54867.52328,98609.3954,476366.6483,1163704.137,789621.7125,11988667.18,292604.9246,114050.041,23010.84224,375961.553,1214692.555,74126.46106,32719.38664,37440.8373,80830.88358,50104.414
CCG 005,Control Gill,123981360.8,10623105.35,912018.3492,824020.3242,5321333.446,9524641.809,72500167.23,19941576.01,19356106.77,32930932.85,624135.4699,47045995.66,1621830.245,467360.4911,487503676.5,21390510.4,34194430.49,13758671.89,545337.3169,448910977.9,545836.814,1353380.481,137306638.8,632638.5705,14017428.97,7260311.636,21978616.66,40643685.42,52937627.36,35051824.85,248684725,207303028.5,65912222.75,292885.8436,155876653,514403.324,8714963.716,39948975.52,5796814.286,1332760.096,8311120.048,3114745.229,123815565.2,1352795.876,918319.7818,72020869.42,25708251.37,433334.3908,145524344.1,575503545.1,3386538.313,245667429.7,59192.95728,896671.6748,1120234.98,4086721.296,16372048.93,4397261.45,1121852.537,396062035.5,3271428.832,5445537.125,584423.3486,33568931.88,20785402.51,665843.4938,273835.7975,2166819.743,1161337.012,5318266.237
CCG 006,Control Gill,146355190.2,24472016.62,2077464.558,955774.7383,7145670.666,1675975.504,145565038.8,29996254.48,15118839.67,24887555.18,1001944.208,66516070.21,2886195.209,284785.1679,985514894.3,15017978.17,49719936.89,18986020.74,832646.4525,594539157.2,595767.5647,1597952.447,124724454.2,559844.0154,4622506.302,10197558.94,30104894.4,100141887.1,76502438.65,45638190.07,355582470.5,67933042.78,74630881.38,221210.9156,113303586.5,747589.2298,11391821.76,62050236.29,7887963.707,945307.7266,5454194.923,4079380.12,147175884.6,1688822.875,886056.1728,77711344.71,31497573.27,589254.4251,206958405.4,620335126,2920924.544,105292213.5,148979.8554,1798219.061,1466956.286,4846272.477,21259558.9,8584119.018,768981.357,464099961.2,4028965.351,18564270.09,234250.8071,53287875.5,31831879.13,69833.04299,1403418.24,1638836.404,1148464.038,13470329.78
CCL 001,Control Liver,317641932.4,10312484.88,2097025.749,819816.0009,79567684.22,58848862.32,2677407.656,20609592.56,17779819.54,28536333.94,5766944.716,2936083.954,6743623.504,80613.67717,180411934.9,20280978.56,63446154.49,43812114.52,2089789.25,69971349.51,484518.412,331690.0905,397447018.2,454486.163,2287258120,11474589.91,12994779.03,568436.7842,95834137.19,254977.2715,12432615.06,62890216.29,79474319.59,2198219.098,124009820.3,2199204.565,16157837.68,73935360.5,21275089.42,132846595.9,15540851.51,31892275.84,543807626.7,318880.518,3269424.442,103389139,440974242.6,1908781.047,122202043.5,362954133.3,3475922.98,295800691.3,639624.5394,1226588.355,7065222.558,389838.5174,22339394.46,3791282.836,793421.6423,317914319.5,2941079.683,617789.8471,713164.7019,91443501.63,3884420.738,15055608.91,239050.9272,13512127.6,1779749.147,11094483.59
CCL 002,Control Liver,317970112.8,28990424.71,2424660.983,397350.8822,60886581.3,71491651.62,4725557.085,20523113.93,33332634.22,42993215.33,5041824.841,1755774.395,5939067.468,1470289.251,157269098.7,29438003.78,46443472.84,30343990.35,1523416.975,67603893.44,170969.1531,275056.4357,420710501.4,317739.4403,1817563212,18514322.28,11674629.38,1363618.163,100259793.5,1126571.15,13593537.16,40568879.53,64298193.81,606224.8272,73851185.46,1502655.853,16349213.55,47200515.43,12562663.41,88869311.67,2346243.901,41778633.19,482509598,613168.495,4882924.643,89753818.79,158489885.8,1225380.412,104421761.1,334325452.7,4250630.233,1479881495,681206.8181,891218.2418,4444147.937,412786.0483,21010727.72,9708683.391,641087.4681,287299857.6,1644312.623,777021.2409,1047927.094,58577518.87,2141105.742,10345194.21,659345.9455,5273964.016,2814993.847,13329364.73
CCL 003,Control Liver,348858189.3,27991324.26,2016694.779,311749.5335,189965754,91452236.32,2529851.499,35932888.68,20657123.31,72868924.79,5090045.367,3477503.859,6319062.119,733660.9598,245394441.2,26143354.07,24916714.66,35496606.74,1613836.341,140935272.4,40172.51647,1202156.632,358643246.8,530821.1989,1880188674,22155093.02,14175885.37,7274651.543,74883549.96,695131.6778,32137301.96,24131310.81,96029397.43,1719734.179,82624826.63,1478005.041,28209413.02,69968016.51,17672290.72,133545610.4,16105376.58,61714772.6,492210396,617523.0981,2440440.624,104794926.3,221014199.7,1863860.082,195607043.9,433110968.7,3949659.578,209626380.9,578048.62,3971333.868,5603400.782,2469773.598,30635419.3,9615059.417,654549.3943,316732990.6,2711369.724,702478.7713,318755.0943,80429454.03,4489259.83,25658776.34,1253225.028,9030423.471,2746039.749,27077685.14
CCL 004,Control Liver,291183214.9,20296075.45,2311361.671,530760.6091,91972546.67,34589077.87,2052289.159,37676088.72,56918818.36,56512412.8,3044975.083,1897434.075,3313261.528,1223857.528,203731648.8,62908174.99,33305678.51,30487894.64,2042412.19,121918830.3,103808.1883,306477.2269,568969191.9,269131.1657,1497825423,8409994.314,10940499.69,6163479.985,94940776.28,5123503.232,40870935.47,70251316.42,115105867.8,3295660.625,108274189.7,1885376.787,28403447.6,78584699.67,18279419.19,97806523.25,3265518.143,30528762.01,450797387.4,391588.8577,5107532.427,48181923.5,76812725.51,1521374.549,165942610.1,373485474.2,5861826.611,829298735.1,490466.8253,1959212.938,5519138.648,1217275.775,26248097.85,7103895.799,763839.4588,299568665.8,3738238.734,652671.6276,409689.3155,118379633.6,9911373.206,3679447.223,525142.4746,27606244.36,2816470.705,34300181.57
CCL 005,Control Liver,205311537.1,21028094.02,2034955.045,468796.869,49191496.08,69543744.7,5652176.622,21791581.96,8021203.077,29948342.46,4248989.239,4327060.619,3657050.684,1771601.272,219952530.6,24880271.82,43505810.15,25731315.07,1779931.144,90209872.07,142752.1978,45523.22153,305093653.7,186724.5708,1776359851,20467734.32,10543006.28,4520396.289,98075394.14,1226475.272,29067385.54,51537727.94,83147153.23,2104288.308,94819815.74,1334867.453,17049959.01,66071159.2,14057948.75,121195725.7,10395012.82,27130078.2,452533963.2,636823.8879,5239343.286,74381944.13,162431788.3,1608332.879,148233709.9,353986622.2,3313037.911,257085073.3,487722.8637,516892.2723,4325861.168,304756.8806,26328608.34,7269409.702,861145.7947,360626668.2,2535288.617,874679.6933,752735.1627,83858549.41,5079129.233,12872757.14,415163.8102,6219808.862,2947095.798,25745232.06
CCL 006,Control Liver,325746380.8,17868434.88,2640781.813,431870.1772,69428426.12,58134976.91,4375490.505,22769258.99,35059080.91,41935070.53,1467328.86,1485376.537,4127063.821,161928.1844,212068172.6,30838509.79,42037223.29,36550385.28,1673628.846,95161399.88,154665.5476,442214.0608,403319435.8,345383.7299,1900891636,10254215.05,12232191.13,1497052.4,92243356.16,436872.5134,19849385.02,53844296.05,72519613.99,2114315.386,98006175.46,1533501.835,22401968.33,67561785.67,16545963.08,96316579.76,11544830.09,46065742.59,502857263.8,236218.5764,4507914.007,82631882.2,90242086.45,1458807.377,128707288,450818482.7,5152876.693,685113974.8,561047.7476,987121.6716,4995223.865,1261267.936,26217402.9,6555462.134,941943.5252,314406047.2,1981435.748,1208785.901,944146.785,67501160.43,5003914.614,2651626.716,367287.0207,10595104.16,2681970.426,18382371.72
CEG 001,Exposed Gill,136192936.3,43926.06929,2233406.768,588887.6809,3398742.429,984736.9541,58021817.66,28306436.22,18681551.76,31362324.23,365155.3776,34171496.51,1698491.263,862407.792,486582306.3,18515773.21,35689404.28,13107388.3,585677.535,380713237.3,518052.6991,1351000.755,125416250,306950.1363,1765624.513,9786684.262,24005155.58,88107256,45854027.58,36664724.65,325821650.4,43255564.39,49963687.51,293236.5368,87187072.48,750725.5814,10339875.15,49286384.06,9677176.249,7699.232466,7447061.997,3953800.029,129042369.9,1505383.587,808334.3609,72335631.86,18466319.55,379392.6245,165105842.8,556931064.5,3632597.097,230141692.2,101361.4537,1431363.364,1128542.295,2575593.574,15675039.05,1042565.092,738063.5693,408638468.4,4059528.562,6033609.875,421420.3668,34202885.53,28718000.6,76995.19449,244667.0207,1130313.776,627117.1652,9178392.139
CEG 002,Exposed Gill,138846245.6,34014855.53,1642283.925,817446.4481,5473459.453,3840332.985,154144040.8,20918255.48,25562611.28,30967422.5,1342599.748,45893091.78,1704284.076,802625.1582,1099929368,16970022.07,35575044.36,14882366.91,535165.2487,414014063.6,645884.5491,1683348.913,139051805.4,264593.9092,82155396.6,8999794.316,35546225.21,58448725.53,91935875.43,35298636.33,228300852.6,169120991.1,60106402.21,294813.5412,82279598.67,656220.9001,10199914.86,54332385.44,9622200.632,1286018.115,6513512.285,2884086.162,110351515.4,1726791.214,974554.4135,61979451.99,20955531.08,521518.8839,170743105.9,579409611.5,2829916.291,218388543.1,55409.78202,1313274.027,1597618.871,4448788.4,27157153.52,11559807.41,843768.4142,383007199.5,3845018.09,18243223.69,434937.4033,44796205.93,21630534.11,1325558.146,597993.3064,2918960.882,802076.1734,11277315.48
CEG 003,Exposed Gill,147074603.2,664598.7725,1171888.675,840646.1066,4512736.256,5539425.931,159407985,19041500.91,32013290.05,42164901.98,1379712.621,41236779.47,1611379.898,116178.6232,1196177820,16528591.3,28832000.86,12814365.98,623935.1987,455971869.4,639963.4883,1619486.602,148458684.6,293496.8608,2063177.97,7232231.319,38503068.86,88325740.36,85394161.65,22279377.82,276685585.1,162073389.9,65128015.61,200790.9315,77419057.23,694116.8126,7641726.501,46140909.57,7679511.267,1060574.82,6760255.091,2536794.26,109297783.8,1627420.623,1065012.092,52473833.76,25572717.12,525612.4896,132083210.1,488781249.5,4415909.152,284219346.3,183556.9261,1081302.246,1437133.718,3509733.146,35713185.96,1309959.3,782064.9332,360558580.1,3574238.694,19438817.94,754699.1722,37098942.69,18933253.43,291457.4369,374919.8542,2490898.632,647583.7601,6171739.414
CEG 004,Exposed Gill,124108011.5,5591690.173,2141770.556,880569.8623,3679591.706,4160130.145,93883563.48,21700505.84,13655154.92,32127456.69,779136.9053,49077131.49,1950927.833,416968.5257,741276903.5,23746587.92,39660275.54,13691456.52,638939.6715,415826158.6,484445.7348,1647240.729,101499763.9,436091.739,1939883.906,8558819.672,32936040.42,316881511,64692020.29,49712407.54,232611758.8,111050182.8,41492742.26,288795.6051,103602864.3,875444.9412,8182289.739,56890632.41,6119405.745,1183619.425,7021564.066,3232560.964,127917162.5,2737991.608,844811.6881,60909032.26,19319221.34,802799.5272,138464084.8,513169620.7,3171557.946,197925673.6,83623.54307,1257049.62,1271833.533,6937794.569,21538498.65,2680284.818,1038563.807,401461976.5,4434670.285,16050311.66,373036.5102,43468484.21,22578482.3,38208.10129,324592.6752,2339078.541,1119314.19,8309397.603
CEG 005,Exposed Gill,141365869,44867.76598,1218761.572,812117.81,4216140.291,1563116.95,69900375.56,29669642.12,36316122.96,25625721.91,421643.7181,43581624.01,2025553.451,953622.9095,514793787.3,18641551.72,44406678.12,14449629.9,851871.4743,481799198.6,786779.3211,1875149.897,147569619.8,546973.2778,1101341.55,8225514.645,27912671.37,66707718.57,60748151.54,33579211.46,341823747.5,94007939.64,54287314.13,356292.2527,105147207.1,1017379.571,11674086.34,58981374.27,11080578.1,1147273.028,4916684.772,3231624.858,143733423,1908657.839,824620.0589,74361411.08,24699298.13,943672.682,205462594,630555615.7,3645225.474,165637754.6,162029.5285,1445772.269,1366016.828,8112031.053,20384613.72,1087318.851,721719.7003,415097316,3687463.329,5252392.449,564470.4252,46146904.81,26905269.76,223268.1065,408229.7309,1194506.804,703570.8664,6494961.221
CEG 006,Exposed Gill,116052319.9,49455.61063,1285897.991,1108345.661,5223905.042,4660773.018,152555696.4,21382164.47,17962271.28,32792747.35,2288880.026,46517931.77,2092149.086,1024456.472,1051799816,17827480.59,44036349.63,17013869.24,557075.404,588092289.4,879773.4748,1489986.915,115490369.2,418973.1242,3038727.202,6921495.931,37950314.03,84429287.63,83265031.89,28718363.44,189660745.2,213944745.7,40113535.7,262909.6023,79318813.18,696661.3661,13253482.03,28778865.96,8580046.537,1330996.319,6370701.739,3119992.847,98381570.41,1339480.113,1026726.134,59310425.28,27492089.26,624776.8869,117311384.7,599264781.2,3477668.365,127002623,47344.99962,799653.9464,1523772.45,4255257.831,24070910.83,1054395.694,846871.5721,422964450.2,3850292.581,13975629.8,701743.3118,24500262.53,15609860.63,50697.23034,684741.5383,3086334.494,1154661.238,4479320.082
CEL 001,Exposed Liver,318441322.9,35057341.13,1730461.236,249671.3575,131466876.4,46863332,6114663.262,23452481.11,15246219.41,24079723.01,1985710.066,3263076.068,3849924.715,2769574.41,250481531.2,63606087.33,12947835.64,26589446.1,2362922.015,133791512.1,40584.50208,382624.982,445686752.8,217027.6695,2061096888,8525012.725,11825094.62,1843785.335,79694091.04,3149896.522,36762489.75,74688393.33,74453565.81,2064420.111,70120875.83,1635792.158,23355387.45,67004402.86,16361082.35,123183998,3798687.866,29110753.31,446895514.1,405959.1734,4360925.246,80772611.98,71237076.59,3327293.295,124850891.4,457324639.3,4726190.677,610311784.4,444482.1233,1648155.872,4852905.308,2056402.877,20988341.76,11456395.7,919991.1063,330619283.4,2543427.047,843675.0334,266942.183,88470557.52,4488415.751,2505958.148,1026800.817,11804620.22,4224550.233,25977421.44
CEL 002,Exposed Liver,317762013.8,25986694.74,2386047.211,605365.5807,94869336.99,40643049.16,5493975.11,32593125.64,27758187.93,46600543.49,3473287.8,2397807.759,4952277.145,1590918.272,197245711.7,45334315.73,50072991.51,35518340.76,2860098.84,117342423.3,230227.8333,1048886.482,534387957.1,346230.6908,2606065364,14392536.23,12804039.65,43315020.71,82560250.71,2460327.716,74034680.45,66007639.72,103422100.6,3738498.483,99436660.86,1885258.986,26903108.84,76143281.76,22071042.51,129469413.1,15918266.56,39989793.33,539741352.9,415286.0021,3107260.21,95374179.67,186978344.4,2024591.081,176416831.2,437267340.5,4937819.738,507641377.9,487116.2039,1234905.204,5794902.09,1448922.459,25298797.24,8895849.36,960136.3782,355325305.9,2201588.819,610623.2949,521410.5058,100498237.9,5188743.411,13852721.2,879041.5234,15244341.03,4359392.54,48732282.9
CEL 003,Exposed Liver,221009618.9,21819449.99,1878286.984,629853.5595,52600268.74,42583141.76,3416553.525,27153485.63,13836935.47,35390423.66,8272282.301,4974073.215,3584050.927,1867627.744,199739838.5,55671150.03,46465017.01,36927592.33,1573549.81,141647849.9,192203.7835,341688.6441,374068866.4,296701.3527,1985985985,20965202.05,14728449.47,4225226.631,82788990.33,2224843.983,56932588.27,38894313.82,109651762.8,3382441.574,59367317.88,1560872.722,32836964.42,62697219.09,10683312.56,89434906.07,13488782.14,36880997.49,386780346.3,571531.4723,3118233.465,122906568.5,172771509.9,2491734.79,186050757.9,522031656.5,4396847.596,430990237.2,542981.7512,983736.4226,4462470.855,504292.7217,30433999.34,7373410.81,952887.6398,339102712.6,2593491.381,1146027.808,637135.8437,88881601.97,3302884.782,47766755.88,496481.2769,11978193.62,1731757.436,42794977.58
CEL 004,Exposed Liver,249822030,26076370.96,2170744.025,519661.4019,72599792.52,51015589.09,5812254.363,38207793.36,14678246.04,37942374.36,4397643.243,4160292.633,3703795.13,1487717.488,241105473.8,66112664.97,31133242.65,33062667.33,1802317.81,127130170.7,42810.44088,53129.21541,406656481.3,419684.1689,1788748801,16314930.56,15386056.86,4259354.735,77212147.86,8137466.645,44200577.72,33836369.64,109542112.9,4006482.223,100914623.1,1644443.489,32076289.16,79072874.41,13272702.2,151909378.4,12180768.66,33131242.32,396900683.1,388032.0916,3368572.102,100186153.2,142739608.2,2681523.626,211108834.8,569643203.3,4560484.395,558144668.4,474108.2773,1455915.835,4859597.025,1109170.746,30363602.5,9049812.95,804681.588,339966193.8,2385607.886,1099530.781,438634.7065,84640373.97,5156179.849,31042918.01,470970.4628,14589042.5,3201511.267,34820534.33
CEL 005,Exposed Liver,204405887.1,18926317.17,2724909.888,712636.2167,64370886.43,50390913.25,3354815.591,20269647.92,24768777.48,27746186.56,3368698.293,4451309.729,4826016.788,3125878.183,192145318.5,48252647.37,58367189.85,33549816.33,2350220.356,116754699.1,265200.0827,94818.86571,275707336.3,428246.2604,2379059234,35472827.98,10721790.39,2161978.716,64752965.68,5238391.342,92427270.47,30027681.55,115825771.4,3545688.627,112250172.2,1332789.993,29307081.19,74766891.47,15353029.25,98776879.55,15618901.15,38753472.04,480382527.5,367902.1194,4364609.873,102181540.8,175921609.4,2844947.991,163270621.8,425672457.4,7118613.665,486035382.7,395410.5044,1301745.341,5611259.265,548537.6312,23677426.06,6522135.409,892318.3257,414234933.4,2395527.012,717736.4024,559569.0865,95780475.7,2274860.508,32643822.63,718177.966,8329310.704,4677362.274,63918380.86
CEL 006,Exposed Liver,351330817.9,25351929.26,1609754.844,439872.3627,112436554.8,40932586.43,2815280.018,38873887.76,11421972.18,25772250.47,4803832.783,1988752.694,3940690.379,2505243.456,187727261.5,41825534.13,29849997.47,20374103.46,2592175.522,76725640.84,118063.5813,385657.8182,491015403.2,220971.448,2599732030,22083849.53,12687096.01,1593803.757,101305443.6,1622347.525,31021404.22,33277056.55,102423113.4,4463124.052,71457264.9,1528107.591,28350604.41,79383223.92,20568576.8,109412519,11597977.99,39795111.11,451014374.3,302555.7181,7939667.129,89982836.94,127456472.1,1732307.369,196964833.8,352078850.1,4443239.785,647557391,557427.6805,1121808.108,3877610.214,2794482.136,35435661.35,8803916.793,860108.5484,280607968.2,2434846.783,519239.2278,841531.8483,108311607.7,2260489.711,5229226.687,1182489.87,9463965.475,3815118.555,28680654.9
CSG 001,Solvent Gill,128043781.1,46786.00618,1155840.405,785132.495,5354651.27,3653120.395,104412330.9,26966257.69,33827347.98,31429909.01,715181.1921,49065784.9,1793960.017,556664.3623,825395677.4,19515036.86,35404978.64,12513970.67,753832.8721,492092030.2,565318.42,1162058.936,144572638.4,555038.9731,1427896.641,7363823.743,26874164.25,54430851.51,67888344.07,18046858.74,268073952.2,174224177.6,73297894.39,454521.4474,101880932.9,603179.8452,9012884.431,38889729.53,5885326.562,992502.2031,7264815.635,2643456.263,139890579.3,1119804.694,1019981.429,66591137.46,14104983.46,303393.1072,166131834.1,548832498.7,3532655.482,195992549.8,47105.34739,935198.9246,1264803.871,5245723.259,20504713.74,1158840.228,3378352.285,392535922.9,3805913.923,10413388.93,736018.4773,38423989.85,25036710.19,864383.801,454932.3063,1632986.882,847043.2413,5739059.341
CSG 002,Solvent Gill,130557103.6,10092684.12,1126816.162,814813.779,5790833.238,7775665.107,136165906.8,16250332.89,21958242.32,25371390.84,1508309.262,41927200.12,1738651.449,527567.2346,1054492441,16463419.64,34040309.09,15375209.17,615251.2214,464879088.9,581577.4108,949682.9606,124097702.9,548155.2629,4946376.653,6543851.869,31257014.07,40320841.08,93978218.24,49494674.62,213920974.1,210698635.7,60935783.74,163958.4114,93995390.92,561613.4707,10191599.33,39652921.44,6307108.829,1299507.674,4214624.376,2419963.84,111671929.7,1590537.811,1106784.973,54273630.12,33686902.98,380951.8908,133293865.9,614567489.5,4793226.558,218744675.3,48307.21779,868958.0468,1335631.235,3446351.374,27646142.79,4489374.908,869499.1204,372159098.2,3694463.845,14566032.47,847438.7388,34046651.85,18299828.52,532077.7985,478083.9078,2930023.338,615634.6061,4281929.73
CSG 003,Solvent Gill,146170868.6,35605268.37,1863998.178,620831.2808,5238264.18,2525194.352,131532252.9,20447028.74,22978413.73,24994908.51,979390.868,51822362.37,2307465.589,427909.2083,921581829.4,15724345.09,34883471.31,17910352.08,882792.6015,321711545.7,531656.939,1761164.75,147933320.1,813846.6117,74016300,8351642.669,27450133.81,52117163.76,75302704.39,43269175.15,325564417.8,117298980.6,44055979.55,266884.1462,105283885.7,915413.0378,7291284.583,51472624.14,6843326.03,2405145.266,8460480.336,4490728.066,153325642.7,2036370.333,1897158.575,76231827.02,16714241.5,426828.0177,144210809.6,662262127.7,3612134.051,161110012.1,187990.4373,1464669.289,2093364.395,7050622.287,22683886.66,12122577.93,848187.0863,415955005.4,4141144.318,13301187.42,407626.8828,45334603.93,27001664.89,3792190.002,342282.1861,1957376.99,1269697.736,17191296.73
CSG 004,Solvent Gill,134551352.3,18964425.81,2768733.421,872066.6716,5784758.847,7310397.315,205107219.2,20209015.47,25521998.23,28291889.41,1628300.207,47581251.78,1966937.941,512866.2217,1389568890,14109217.81,34330282.2,15474074.46,655945.8006,603301905,662766.5814,1562317.782,129198965.5,711543.6881,9861124.119,6934157.068,36828130.92,36077542.45,111405023.6,32366969.05,245002133.5,226577930.9,57122486.52,142475.0498,99960831.04,542210.6697,10139103.89,48457547.6,6685179.051,801263.9896,6665337.24,2870427.222,116511539.6,1615667.537,1043431.214,68391850.56,30050259.18,399045.9041,154122229.1,637078324.3,3775669.675,223169462.5,134402.7174,807482.9424,1692282.459,2645415.756,25891711.6,6831257.7,612326.9448,415708028.1,3602821.529,25658926.81,924925.0247,40241784.61,17094519.42,1480985.648,537558.693,2876255.664,798392.4593,5140453.601
CSG 005,Solvent Gill,148083136.4,160693.8928,3716273.737,988866.3664,5203341.717,5559603.303,99718896.03,20423461.35,29959554,35766280.39,920725.7299,41950884.95,1959884.709,427511.2264,769393539.8,17253322.08,36153612.33,17411989.31,666962.2714,460806863.3,538021.1284,1700356.452,160688210.9,687030.8296,1969127.666,6503715.041,27285983.27,69495515.09,64530915.3,38242004.42,275217137.7,182599271.2,61235005.3,234519.5494,131657064.2,653895.7683,9452048.901,42373175.9,7220829.434,1251907.751,8347432.568,3189975.682,119209539.5,1824803.715,1009890.685,62875105.59,25202093.04,392699.2132,135417820.6,645335572.8,3720943.005,327919563.3,90775.2926,885792.0008,1286907.098,5041756.804,22882965.23,1116504.56,828182.231,385785421.4,4102503.434,10026364.57,347591.5307,32375503.09,19566902.89,53474.96212,384009.8145,2361291.449,624969.7144,5503998.917
CSG 006,Solvent Gill,139342022.1,12631404.74,1100720.73,932733.2033,5085479.357,5523812.23,175004650.5,20912835.96,22360309.16,24452251.94,1044740.298,49339349.12,1762614.498,585633.1975,1213580568,15338996.23,34980364.9,15481214.68,626492.1533,607172591.6,513528.2888,1742966.586,139817682.3,760113.6203,16601268.61,7390067.695,38480366.99,76844545.03,78400241.19,33588081.25,285267400.4,185100029.5,57633149.17,449800.8837,118040327.7,1107890.305,9736418.844,55992361.83,9172511.716,1024497.423,7031254.667,2364849.937,134587360.9,1657326.706,921425.4459,63199206.12,22612692.73,485023.5841,170607419,639445766.6,3867340.005,264489377.4,148340.979,937745.3119,1699898.307,4967379.242,26230832.43,4817789.125,770617.5222,420309747.7,4028327.809,21106688.56,506848.7705,47960918.84,23776937.39,43641.13308,442576.0724,2155964.17,788105.421,10377251.42
CSL 001,Solvent Liver,331804640.2,31314695.98,2054265.731,561631.3447,71568663.76,41256603.34,3641240.215,24149462.37,28865115.04,39550781.58,3502012.564,2335549.362,4929619.303,1828243.181,161075375.4,75919112.16,52051714.34,29702126.62,842022.0399,53586954.15,106102.8014,46341.1694,509071360.1,128481.7194,2012909751,11082199.25,11848438.53,1254562.376,93450979.95,5424960.916,21769844.2,58365398.95,85143206.55,1826836.902,43409160.89,2063535.067,27701378.17,70062865.97,19052399.93,144809134.5,12260536.52,53880257.81,473572068.3,444515.0969,4500559.678,108584988.2,190237554.6,2927760.193,154318667.8,421424532.1,5448915.231,789488174,532735.0537,1255036.738,5403583.402,800224.796,29603006.48,10749884.73,927978.4567,279721083.7,2175493.482,668773.3324,691801.1264,95539806.92,4738921.676,9073326.072,1173055.087,13143117.14,3676862.285,19384697.77
CSL 002,Solvent Liver,248471675.8,32096255.06,1672861.433,82901.91075,174894373.9,92962468.43,6132605.225,32775693.7,46499253.28,25665982.11,3636506.912,2913943.656,5810778.761,1761861.21,208727177.8,18207229.42,2597636.481,50199967.23,710211.4728,124560176,40310.52237,450070.7608,384026524.3,500577.1796,1818952430,7780702.405,10964565.43,3977606.837,86543856.59,1014567.552,4968412.914,20473090.36,85810351.51,1028881.414,72830926.06,2379328.412,21087781.81,49521658.61,12921583.67,209398671.9,12522382.35,49498452.72,501226643.3,463772.9851,2293396.488,113598789.3,177400069,1811961.323,108725589.5,329874680.2,3205429.143,249036328.2,508040.6718,1848523.597,6180930.665,2332835.051,20769233.22,10704166.43,924728.8019,415370833.3,3655845.331,523496.4513,176913.2366,55122551.59,3375262.659,3307154.41,947430.3042,21531464.37,4329016.9,4144679.918
CSL 003,Solvent Liver,243233024.1,15306700.82,2984322.639,750387.5625,57780609.63,51334968.06,8950756.914,27347047.88,10967902.29,33708380.01,19433190.2,2499457.89,4117811.726,1780637.091,294314305.1,59467322.19,30537217.26,32963020.05,1535684.958,150699013.9,130110.7639,447755.1458,378062898.9,334174.6525,1973943123,26805633.64,10456605.3,9364360.016,89624664.37,5903506.143,40023979.66,37724301.65,100379639,2497221.794,96770631.9,1975730.981,25052476.62,62643030.88,17226705.3,110939110.8,12664614.67,33858676.05,351727487.1,796630.4931,3372469.717,106773699.9,182910461.9,1715227.162,178441479.4,585817500.7,5719574.331,461439643,546967.4579,1751590.45,6070763.285,1176479.679,32036475.77,5692667.841,1049232.105,407857126.2,2279659.637,1029221.274,1079120.861,90567600.47,3445552.484,33282744.1,472632.0276,12118351.26,2784543.226,28852329.76
CSL 004,Solvent Liver,375598076.4,31767087.5,2349175.451,441492.4399,121362241.2,30149116.02,2874227.558,41239436.19,33002220.28,35996051.76,3298778.821,2138171.943,4382927.199,1790547.492,214137247.8,32657629.21,31593326.29,25625137.2,2141507.906,137691126.2,77776.99103,353569.5312,613521536.6,436626.8874,2240487936,10316590.94,11568338.11,178359.5462,92406108.26,3872428.246,42659716.8,53645656.87,98808348.92,3761193.39,110136027.7,2210960.054,37092245.31,93209895.37,28402431.6,127859974.4,12270683.61,56392900.38,465386593.8,631761.4181,4069923.767,112705352.4,129303794.5,3237018.272,143268364.9,362011163.8,5786356.654,460291149.3,559781.0417,1726513.506,5012875.461,1532221.522,27891399.52,10679738.42,828541.4622,292959544.5,2431991.488,1194913.929,625184.4453,123597968.5,3333514.6,4793490.21,1532694.166,10017069.68,2830624.454,29648374.97
CSL 005,Solvent Liver,322489762.7,21481091.54,2484095.092,404226.4772,60071672.81,68668980.4,7919454.003,24971523.12,15413757.48,34511692.75,7691065.132,4504033.375,5013356.488,922703.8853,286323161.7,46802383.81,37987499.72,32553755.97,1622077.194,126540565.8,100122.3613,377402.7123,406539848.5,422112.4967,1948312650,18330025.38,9788051.336,4609906.903,101546026.8,2018848.665,33474839.07,35399007.69,80225797.76,2080232.633,68285744.97,1913722.562,18058215.79,54572226.05,11359345.32,93112371.47,13700134.88,48125452.65,437968814.4,451004.2998,4547650.779,86086746.47,148998760.6,1085727.439,146896582.7,625943172.5,6376543.716,468350962.3,530149.7721,1086229.237,4859887.152,1123060.865,24324867.54,7435659.752,1037431.867,390506454.6,2112266.667,1125224.981,625992.8009,77302431.77,4945926.434,26081502.24,497645.2785,11367654.47,2008050.393,28368639.48
CSL 006,Solvent Liver,286855740.9,15147518.71,2857977.843,452446.3928,179987748.8,65862450.93,6968388.062,20583346.74,20498287.73,23658930.57,4351367.83,1894981.92,5474511.573,1205985.775,256923672.6,24380465.35,24470061.8,33609042.09,2061832.674,110069499.9,40820.76699,1099898.736,455664483.1,365942.7685,1926784620,13749588,9709271.199,9472963.528,77676920.68,7657325.104,11345200.3,80719264.75,84875916.82,2675266.041,77729913.53,2042175.347,28163007.87,57800492.59,19667441.39,131956680.2,12369525.4,19418356.34,565210880.9,645543.2465,7129833.102,109787170.2,124519407.5,2704904.879,89777876.59,417500910.6,5116937.004,360853514.2,502617.5633,1675708.655,6364410.225,2026572.787,19656489.66,5525820.319,915319.6866,304821329.8,2199513.288,885193.3941,851126.3461,88386012.44,4741896.642,2251965.701,1429137.111,8986116.82,3472505.825,4409697.917
